Key,da,en,zh
1,at give tilladelse,Authorization,授权
2,unormal,Exception,异常
3,Eksportér til Excel,Export Excel,导出 Excel
4,Eksport mislykkedes,Export fail,导出失败
5,Eksport vellykket,Export Success,导出成功
6,niveau,Level,级别
7,journal,Logs,日志
8,niveau,Logs Level,级别
9,oplysninger,Message,信息
10,Skabelon,Message Template,模板
11,attribut,Properties,属性
12,søg,Search,搜索
13,可用功能,See all available options,Tilgængeligeunktioner
14,tid,Time Stamp,时间
15,at give tilladelse,Authorization,授权
16,unormal,Exception,异常
17,Eksportér til Excel,Export Excel,导出 Excel
18,Eksport mislykkedes,Export fail,导出失败
19,Eksport vellykket,Export Success,导出成功
20,niveau,Level,级别
21,journal,Logs,日志
22,niveau,Logs Level,级别
23,oplysninger,Message,信息
24,Skabelon,Message Template,模板
25,attribut,Properties,属性
26,søg,Search,搜索
27,可用功能,See all available options,Tilgængeligeunktioner
28,tid,Time Stamp,时间
29,at give tilladelse,Authorization,授权
30,unormal,Exception,异常
31,Eksportér til Excel,Export Excel,导出 Excel
32,Eksport mislykkedes,Export fail,导出失败
33,Eksport vellykket,Export Success,导出成功
34,niveau,Level,级别
35,journal,Logs,日志
36,niveau,Logs Level,级别
37,oplysninger,Message,信息
38,Skabelon,Message Template,模板
39,attribut,Properties,属性
40,søg,Search,搜索
41,可用功能,See all available options,Tilgængeligeunktioner
42,tid,Time Stamp,时间
43,at give tilladelse,Authorization,授权
44,unormal,Exception,异常
45,Eksportér til Excel,Export Excel,导出 Excel
46,Eksport mislykkedes,Export fail,导出失败
47,Eksport vellykket,Export Success,导出成功
48,niveau,Level,级别
49,journal,Logs,日志
50,niveau,Logs Level,级别
51,oplysninger,Message,信息
52,Skabelon,Message Template,模板
53,attribut,Properties,属性
54,søg,Search,搜索
55,可用功能,See all available options,Tilgængeligeunktioner
56,tid,Time Stamp,时间
57,at give tilladelse,Authorization,授权
58,unormal,Exception,异常
59,Eksportér til Excel,Export Excel,导出 Excel
60,Eksport mislykkedes,Export fail,导出失败
61,Eksport vellykket,Export Success,导出成功
62,niveau,Level,级别
63,journal,Logs,日志
64,niveau,Logs Level,级别
65,oplysninger,Message,信息
66,Skabelon,Message Template,模板
67,attribut,Properties,属性
68,søg,Search,搜索
69,可用功能,See all available options,Tilgængeligeunktioner
70,tid,Time Stamp,时间
71,at give tilladelse,Authorization,授权
72,unormal,Exception,异常
73,Eksportér til Excel,Export Excel,导出 Excel
74,Eksport mislykkedes,Export fail,导出失败
75,Eksport vellykket,Export Success,导出成功
76,niveau,Level,级别
77,journal,Logs,日志
78,niveau,Logs Level,级别
79,oplysninger,Message,信息
80,Skabelon,Message Template,模板
81,attribut,Properties,属性
82,søg,Search,搜索
83,可用功能,See all available options,Tilgængeligeunktioner
84,tid,Time Stamp,时间
85,at give tilladelse,Authorization,授权
86,unormal,Exception,异常
87,Eksportér til Excel,Export Excel,导出 Excel
88,Eksport mislykkedes,Export fail,导出失败
89,Eksport vellykket,Export Success,导出成功
90,niveau,Level,级别
91,journal,Logs,日志
92,niveau,Logs Level,级别
93,oplysninger,Message,信息
94,Skabelon,Message Template,模板
95,attribut,Properties,属性
96,søg,Search,搜索
97,可用功能,See all available options,Tilgængeligeunktioner
98,tid,Time Stamp,时间
99,at give tilladelse,Authorization,授权
100,unormal,Exception,异常
101,Eksportér til Excel,Export Excel,导出 Excel
102,Eksport mislykkedes,Export fail,导出失败
103,Eksport vellykket,Export Success,导出成功
104,niveau,Level,级别
105,journal,Logs,日志
106,niveau,Logs Level,级别
107,oplysninger,Message,信息
108,Skabelon,Message Template,模板
109,attribut,Properties,属性
110,søg,Search,搜索
111,可用功能,See all available options,Tilgængeligeunktioner
112,tid,Time Stamp,时间
113,at give tilladelse,Authorization,授权
114,unormal,Exception,异常
115,Eksportér til Excel,Export Excel,导出 Excel
116,Eksport mislykkedes,Export fail,导出失败
117,Eksport vellykket,Export Success,导出成功
118,niveau,Level,级别
119,journal,Logs,日志
120,niveau,Logs Level,级别
121,oplysninger,Message,信息
122,Skabelon,Message Template,模板
123,attribut,Properties,属性
124,søg,Search,搜索
125,可用功能,See all available options,Tilgængeligeunktioner
126,tid,Time Stamp,时间
127,at give tilladelse,Authorization,授权
128,unormal,Exception,异常
129,Eksportér til Excel,Export Excel,导出 Excel
130,Eksport mislykkedes,Export fail,导出失败
131,Eksport vellykket,Export Success,导出成功
132,niveau,Level,级别
133,journal,Logs,日志
134,niveau,Logs Level,级别
135,oplysninger,Message,信息
136,Skabelon,Message Template,模板
137,attribut,Properties,属性
138,søg,Search,搜索
139,可用功能,See all available options,Tilgængeligeunktioner
140,tid,Time Stamp,时间
141,at give tilladelse,Authorization,授权
142,unormal,Exception,异常
143,Eksportér til Excel,Export Excel,导出 Excel
144,Eksport mislykkedes,Export fail,导出失败
145,Eksport vellykket,Export Success,导出成功
146,niveau,Level,级别
147,journal,Logs,日志
148,niveau,Logs Level,级别
149,oplysninger,Message,信息
150,Skabelon,Message Template,模板
151,attribut,Properties,属性
152,søg,Search,搜索
153,可用功能,See all available options,Tilgængeligeunktioner
154,tid,Time Stamp,时间
155,at give tilladelse,Authorization,授权
156,unormal,Exception,异常
157,Eksportér til Excel,Export Excel,导出 Excel
158,Eksport mislykkedes,Export fail,导出失败
159,Eksport vellykket,Export Success,导出成功
160,niveau,Level,级别
161,journal,Logs,日志
162,niveau,Logs Level,级别
163,oplysninger,Message,信息
164,Skabelon,Message Template,模板
165,attribut,Properties,属性
166,søg,Search,搜索
167,可用功能,See all available options,Tilgængeligeunktioner
168,tid,Time Stamp,时间
169,at give tilladelse,Authorization,授权
170,unormal,Exception,异常
171,Eksportér til Excel,Export Excel,导出 Excel
172,Eksport mislykkedes,Export fail,导出失败
173,Eksport vellykket,Export Success,导出成功
174,niveau,Level,级别
175,journal,Logs,日志
176,niveau,Logs Level,级别
177,oplysninger,Message,信息
178,Skabelon,Message Template,模板
179,attribut,Properties,属性
180,søg,Search,搜索
181,可用功能,See all available options,Tilgængeligeunktioner
182,tid,Time Stamp,时间
183,at give tilladelse,Authorization,授权
184,unormal,Exception,异常
185,Eksportér til Excel,Export Excel,导出 Excel
186,Eksport mislykkedes,Export fail,导出失败
187,Eksport vellykket,Export Success,导出成功
188,niveau,Level,级别
189,journal,Logs,日志
190,niveau,Logs Level,级别
191,oplysninger,Message,信息
192,Skabelon,Message Template,模板
193,attribut,Properties,属性
194,søg,Search,搜索
195,可用功能,See all available options,Tilgængeligeunktioner
196,tid,Time Stamp,时间
197,at give tilladelse,Authorization,授权
198,unormal,Exception,异常
199,Eksportér til Excel,Export Excel,导出 Excel
200,Eksport mislykkedes,Export fail,导出失败
201,Eksport vellykket,Export Success,导出成功
202,niveau,Level,级别
203,journal,Logs,日志
204,niveau,Logs Level,级别
205,oplysninger,Message,信息
206,Skabelon,Message Template,模板
207,attribut,Properties,属性
208,søg,Search,搜索
209,可用功能,See all available options,Tilgængeligeunktioner
210,tid,Time Stamp,时间
211,at give tilladelse,Authorization,授权
212,unormal,Exception,异常
213,Eksportér til Excel,Export Excel,导出 Excel
214,Eksport mislykkedes,Export fail,导出失败
215,Eksport vellykket,Export Success,导出成功
216,niveau,Level,级别
217,journal,Logs,日志
218,niveau,Logs Level,级别
219,oplysninger,Message,信息
220,Skabelon,Message Template,模板
221,attribut,Properties,属性
222,søg,Search,搜索
223,可用功能,See all available options,Tilgængeligeunktioner
224,tid,Time Stamp,时间
225,at give tilladelse,Authorization,授权
226,unormal,Exception,异常
227,Eksportér til Excel,Export Excel,导出 Excel
228,Eksport mislykkedes,Export fail,导出失败
229,Eksport vellykket,Export Success,导出成功
230,niveau,Level,级别
231,journal,Logs,日志
232,niveau,Logs Level,级别
233,oplysninger,Message,信息
234,Skabelon,Message Template,模板
235,attribut,Properties,属性
236,søg,Search,搜索
237,可用功能,See all available options,Tilgængeligeunktioner
238,tid,Time Stamp,时间
239,at give tilladelse,Authorization,授权
240,unormal,Exception,异常
241,Eksportér til Excel,Export Excel,导出 Excel
242,Eksport mislykkedes,Export fail,导出失败
243,Eksport vellykket,Export Success,导出成功
244,niveau,Level,级别
245,journal,Logs,日志
246,niveau,Logs Level,级别
247,oplysninger,Message,信息
248,Skabelon,Message Template,模板
249,attribut,Properties,属性
250,søg,Search,搜索
251,可用功能,See all available options,Tilgængeligeunktioner
252,tid,Time Stamp,时间
253,at give tilladelse,Authorization,授权
254,unormal,Exception,异常
255,Eksportér til Excel,Export Excel,导出 Excel
256,Eksport mislykkedes,Export fail,导出失败
257,Eksport vellykket,Export Success,导出成功
258,niveau,Level,级别
259,journal,Logs,日志
260,niveau,Logs Level,级别
261,oplysninger,Message,信息
262,Skabelon,Message Template,模板
263,attribut,Properties,属性
264,søg,Search,搜索
265,可用功能,See all available options,Tilgængeligeunktioner
266,tid,Time Stamp,时间
267,at give tilladelse,Authorization,授权
268,unormal,Exception,异常
269,Eksportér til Excel,Export Excel,导出 Excel
270,Eksport mislykkedes,Export fail,导出失败
271,Eksport vellykket,Export Success,导出成功
272,niveau,Level,级别
273,journal,Logs,日志
274,niveau,Logs Level,级别
275,oplysninger,Message,信息
276,Skabelon,Message Template,模板
277,attribut,Properties,属性
278,søg,Search,搜索
279,可用功能,See all available options,Tilgængeligeunktioner
280,tid,Time Stamp,时间
281,at give tilladelse,Authorization,授权
282,unormal,Exception,异常
283,Eksportér til Excel,Export Excel,导出 Excel
284,Eksport mislykkedes,Export fail,导出失败
285,Eksport vellykket,Export Success,导出成功
286,niveau,Level,级别
287,journal,Logs,日志
288,niveau,Logs Level,级别
289,oplysninger,Message,信息
290,Skabelon,Message Template,模板
291,attribut,Properties,属性
292,søg,Search,搜索
293,可用功能,See all available options,Tilgængeligeunktioner
294,tid,Time Stamp,时间
295,at give tilladelse,Authorization,授权
296,unormal,Exception,异常
297,Eksportér til Excel,Export Excel,导出 Excel
298,Eksport mislykkedes,Export fail,导出失败
299,Eksport vellykket,Export Success,导出成功
300,niveau,Level,级别
301,journal,Logs,日志
302,niveau,Logs Level,级别
303,oplysninger,Message,信息
304,Skabelon,Message Template,模板
305,attribut,Properties,属性
306,søg,Search,搜索
307,可用功能,See all available options,Tilgængeligeunktioner
308,tid,Time Stamp,时间
309,at give tilladelse,Authorization,授权
310,unormal,Exception,异常
311,Eksportér til Excel,Export Excel,导出 Excel
312,Eksport mislykkedes,Export fail,导出失败
313,Eksport vellykket,Export Success,导出成功
314,niveau,Level,级别
315,journal,Logs,日志
316,niveau,Logs Level,级别
317,oplysninger,Message,信息
318,Skabelon,Message Template,模板
319,attribut,Properties,属性
320,søg,Search,搜索
321,可用功能,See all available options,Tilgængeligeunktioner
322,tid,Time Stamp,时间
323,at give tilladelse,Authorization,授权
324,unormal,Exception,异常
325,Eksportér til Excel,Export Excel,导出 Excel
326,Eksport mislykkedes,Export fail,导出失败
327,Eksport vellykket,Export Success,导出成功
328,niveau,Level,级别
329,journal,Logs,日志
330,niveau,Logs Level,级别
331,oplysninger,Message,信息
332,Skabelon,Message Template,模板
333,attribut,Properties,属性
334,søg,Search,搜索
335,可用功能,See all available options,Tilgængeligeunktioner
336,tid,Time Stamp,时间
337,at give tilladelse,Authorization,授权
338,unormal,Exception,异常
339,Eksportér til Excel,Export Excel,导出 Excel
340,Eksport mislykkedes,Export fail,导出失败
341,Eksport vellykket,Export Success,导出成功
342,niveau,Level,级别
343,journal,Logs,日志
344,niveau,Logs Level,级别
345,oplysninger,Message,信息
346,Skabelon,Message Template,模板
347,attribut,Properties,属性
348,søg,Search,搜索
349,可用功能,See all available options,Tilgængeligeunktioner
350,tid,Time Stamp,时间
351,at give tilladelse,Authorization,授权
352,unormal,Exception,异常
353,Eksportér til Excel,Export Excel,导出 Excel
354,Eksport mislykkedes,Export fail,导出失败
355,Eksport vellykket,Export Success,导出成功
356,niveau,Level,级别
357,journal,Logs,日志
358,niveau,Logs Level,级别
359,oplysninger,Message,信息
360,Skabelon,Message Template,模板
361,attribut,Properties,属性
362,søg,Search,搜索
363,可用功能,See all available options,Tilgængeligeunktioner
364,tid,Time Stamp,时间
365,at give tilladelse,Authorization,授权
366,unormal,Exception,异常
367,Eksportér til Excel,Export Excel,导出 Excel
368,Eksport mislykkedes,Export fail,导出失败
369,Eksport vellykket,Export Success,导出成功
370,niveau,Level,级别
371,journal,Logs,日志
372,niveau,Logs Level,级别
373,oplysninger,Message,信息
374,Skabelon,Message Template,模板
375,attribut,Properties,属性
376,søg,Search,搜索
377,可用功能,See all available options,Tilgængeligeunktioner
378,tid,Time Stamp,时间
379,at give tilladelse,Authorization,授权
380,unormal,Exception,异常
381,Eksportér til Excel,Export Excel,导出 Excel
382,Eksport mislykkedes,Export fail,导出失败
383,Eksport vellykket,Export Success,导出成功
384,niveau,Level,级别
385,journal,Logs,日志
386,niveau,Logs Level,级别
387,oplysninger,Message,信息
388,Skabelon,Message Template,模板
389,attribut,Properties,属性
390,søg,Search,搜索
391,可用功能,See all available options,Tilgængeligeunktioner
392,tid,Time Stamp,时间
393,at give tilladelse,Authorization,授权
394,unormal,Exception,异常
395,Eksportér til Excel,Export Excel,导出 Excel
396,Eksport mislykkedes,Export fail,导出失败
397,Eksport vellykket,Export Success,导出成功
398,niveau,Level,级别
399,journal,Logs,日志
400,niveau,Logs Level,级别
401,oplysninger,Message,信息
402,Skabelon,Message Template,模板
403,attribut,Properties,属性
404,søg,Search,搜索
405,可用功能,See all available options,Tilgængeligeunktioner
406,tid,Time Stamp,时间
407,at give tilladelse,Authorization,授权
408,unormal,Exception,异常
409,Eksportér til Excel,Export Excel,导出 Excel
410,Eksport mislykkedes,Export fail,导出失败
411,Eksport vellykket,Export Success,导出成功
412,niveau,Level,级别
413,journal,Logs,日志
414,niveau,Logs Level,级别
415,oplysninger,Message,信息
416,Skabelon,Message Template,模板
417,attribut,Properties,属性
418,søg,Search,搜索
419,可用功能,See all available options,Tilgængeligeunktioner
420,tid,Time Stamp,时间
421,at give tilladelse,Authorization,授权
422,unormal,Exception,异常
423,Eksportér til Excel,Export Excel,导出 Excel
424,Eksport mislykkedes,Export fail,导出失败
425,Eksport vellykket,Export Success,导出成功
426,niveau,Level,级别
427,journal,Logs,日志
428,niveau,Logs Level,级别
429,oplysninger,Message,信息
430,Skabelon,Message Template,模板
431,attribut,Properties,属性
432,søg,Search,搜索
433,可用功能,See all available options,Tilgængeligeunktioner
434,tid,Time Stamp,时间
435,at give tilladelse,Authorization,授权
436,unormal,Exception,异常
437,Eksportér til Excel,Export Excel,导出 Excel
438,Eksport mislykkedes,Export fail,导出失败
439,Eksport vellykket,Export Success,导出成功
440,niveau,Level,级别
441,journal,Logs,日志
442,niveau,Logs Level,级别
443,oplysninger,Message,信息
444,Skabelon,Message Template,模板
445,attribut,Properties,属性
446,søg,Search,搜索
447,可用功能,See all available options,Tilgængeligeunktioner
448,tid,Time Stamp,时间
449,at give tilladelse,Authorization,授权
450,unormal,Exception,异常
451,Eksportér til Excel,Export Excel,导出 Excel
452,Eksport mislykkedes,Export fail,导出失败
453,Eksport vellykket,Export Success,导出成功
454,niveau,Level,级别
455,journal,Logs,日志
456,niveau,Logs Level,级别
457,oplysninger,Message,信息
458,Skabelon,Message Template,模板
459,attribut,Properties,属性
460,søg,Search,搜索
461,可用功能,See all available options,Tilgængeligeunktioner
462,tid,Time Stamp,时间
463,at give tilladelse,Authorization,授权
464,unormal,Exception,异常
465,Eksportér til Excel,Export Excel,导出 Excel
466,Eksport mislykkedes,Export fail,导出失败
467,Eksport vellykket,Export Success,导出成功
468,niveau,Level,级别
469,journal,Logs,日志
470,niveau,Logs Level,级别
471,oplysninger,Message,信息
472,Skabelon,Message Template,模板
473,attribut,Properties,属性
474,søg,Search,搜索
475,可用功能,See all available options,Tilgængeligeunktioner
476,tid,Time Stamp,时间
477,at give tilladelse,Authorization,授权
478,unormal,Exception,异常
479,Eksportér til Excel,Export Excel,导出 Excel
480,Eksport mislykkedes,Export fail,导出失败
481,Eksport vellykket,Export Success,导出成功
482,niveau,Level,级别
483,journal,Logs,日志
484,niveau,Logs Level,级别
485,oplysninger,Message,信息
486,Skabelon,Message Template,模板
487,attribut,Properties,属性
488,søg,Search,搜索
489,可用功能,See all available options,Tilgængeligeunktioner
490,tid,Time Stamp,时间
491,at give tilladelse,Authorization,授权
492,unormal,Exception,异常
493,Eksportér til Excel,Export Excel,导出 Excel
494,Eksport mislykkedes,Export fail,导出失败
495,Eksport vellykket,Export Success,导出成功
496,niveau,Level,级别
497,journal,Logs,日志
498,niveau,Logs Level,级别
499,oplysninger,Message,信息
500,Skabelon,Message Template,模板
501,attribut,Properties,属性
502,søg,Search,搜索
503,可用功能,See all available options,Tilgængeligeunktioner
504,tid,Time Stamp,时间
505,at give tilladelse,Authorization,授权
506,unormal,Exception,异常
507,Eksportér til Excel,Export Excel,导出 Excel
508,Eksport mislykkedes,Export fail,导出失败
509,Eksport vellykket,Export Success,导出成功
510,niveau,Level,级别
511,journal,Logs,日志
512,niveau,Logs Level,级别
513,oplysninger,Message,信息
514,Skabelon,Message Template,模板
515,attribut,Properties,属性
516,søg,Search,搜索
517,可用功能,See all available options,Tilgængeligeunktioner
518,tid,Time Stamp,时间
519,at give tilladelse,Authorization,授权
520,unormal,Exception,异常
521,Eksportér til Excel,Export Excel,导出 Excel
522,Eksport mislykkedes,Export fail,导出失败
523,Eksport vellykket,Export Success,导出成功
524,niveau,Level,级别
525,journal,Logs,日志
526,niveau,Logs Level,级别
527,oplysninger,Message,信息
528,Skabelon,Message Template,模板
529,attribut,Properties,属性
530,søg,Search,搜索
531,可用功能,See all available options,Tilgængeligeunktioner
532,tid,Time Stamp,时间
533,at give tilladelse,Authorization,授权
534,unormal,Exception,异常
535,Eksportér til Excel,Export Excel,导出 Excel
536,Eksport mislykkedes,Export fail,导出失败
537,Eksport vellykket,Export Success,导出成功
538,niveau,Level,级别
539,journal,Logs,日志
540,niveau,Logs Level,级别
541,oplysninger,Message,信息
542,Skabelon,Message Template,模板
543,attribut,Properties,属性
544,søg,Search,搜索
545,可用功能,See all available options,Tilgængeligeunktioner
546,tid,Time Stamp,时间
547,at give tilladelse,Authorization,授权
548,unormal,Exception,异常
549,Eksportér til Excel,Export Excel,导出 Excel
550,Eksport mislykkedes,Export fail,导出失败
551,Eksport vellykket,Export Success,导出成功
552,niveau,Level,级别
553,journal,Logs,日志
554,niveau,Logs Level,级别
555,oplysninger,Message,信息
556,Skabelon,Message Template,模板
557,attribut,Properties,属性
558,søg,Search,搜索
559,可用功能,See all available options,Tilgængeligeunktioner
560,tid,Time Stamp,时间
561,at give tilladelse,Authorization,授权
562,unormal,Exception,异常
563,Eksportér til Excel,Export Excel,导出 Excel
564,Eksport mislykkedes,Export fail,导出失败
565,Eksport vellykket,Export Success,导出成功
566,niveau,Level,级别
567,journal,Logs,日志
568,niveau,Logs Level,级别
569,oplysninger,Message,信息
570,Skabelon,Message Template,模板
571,attribut,Properties,属性
572,søg,Search,搜索
573,可用功能,See all available options,Tilgængeligeunktioner
574,tid,Time Stamp,时间
575,at give tilladelse,Authorization,授权
576,unormal,Exception,异常
577,Eksportér til Excel,Export Excel,导出 Excel
578,Eksport mislykkedes,Export fail,导出失败
579,Eksport vellykket,Export Success,导出成功
580,niveau,Level,级别
581,journal,Logs,日志
582,niveau,Logs Level,级别
583,oplysninger,Message,信息
584,Skabelon,Message Template,模板
585,attribut,Properties,属性
586,søg,Search,搜索
587,可用功能,See all available options,Tilgængeligeunktioner
588,tid,Time Stamp,时间
589,at give tilladelse,Authorization,授权
590,unormal,Exception,异常
591,Eksportér til Excel,Export Excel,导出 Excel
592,Eksport mislykkedes,Export fail,导出失败
593,Eksport vellykket,Export Success,导出成功
594,niveau,Level,级别
595,journal,Logs,日志
596,niveau,Logs Level,级别
597,oplysninger,Message,信息
598,Skabelon,Message Template,模板
599,attribut,Properties,属性
600,søg,Search,搜索
601,可用功能,See all available options,Tilgængeligeunktioner
602,tid,Time Stamp,时间
603,at give tilladelse,Authorization,授权
604,unormal,Exception,异常
605,Eksportér til Excel,Export Excel,导出 Excel
606,Eksport mislykkedes,Export fail,导出失败
607,Eksport vellykket,Export Success,导出成功
608,niveau,Level,级别
609,journal,Logs,日志
610,niveau,Logs Level,级别
611,oplysninger,Message,信息
612,Skabelon,Message Template,模板
613,attribut,Properties,属性
614,søg,Search,搜索
615,可用功能,See all available options,Tilgængeligeunktioner
616,tid,Time Stamp,时间
617,at give tilladelse,Authorization,授权
618,unormal,Exception,异常
619,Eksportér til Excel,Export Excel,导出 Excel
620,Eksport mislykkedes,Export fail,导出失败
621,Eksport vellykket,Export Success,导出成功
622,niveau,Level,级别
623,journal,Logs,日志
624,niveau,Logs Level,级别
625,oplysninger,Message,信息
626,Skabelon,Message Template,模板
627,attribut,Properties,属性
628,søg,Search,搜索
629,可用功能,See all available options,Tilgængeligeunktioner
630,tid,Time Stamp,时间
631,at give tilladelse,Authorization,授权
632,unormal,Exception,异常
633,Eksportér til Excel,Export Excel,导出 Excel
634,Eksport mislykkedes,Export fail,导出失败
635,Eksport vellykket,Export Success,导出成功
636,niveau,Level,级别
637,journal,Logs,日志
638,niveau,Logs Level,级别
639,oplysninger,Message,信息
640,Skabelon,Message Template,模板
641,attribut,Properties,属性
642,søg,Search,搜索
643,可用功能,See all available options,Tilgængeligeunktioner
644,tid,Time Stamp,时间
645,at give tilladelse,Authorization,授权
646,unormal,Exception,异常
647,Eksportér til Excel,Export Excel,导出 Excel
648,Eksport mislykkedes,Export fail,导出失败
649,Eksport vellykket,Export Success,导出成功
650,niveau,Level,级别
651,journal,Logs,日志
652,niveau,Logs Level,级别
653,oplysninger,Message,信息
654,Skabelon,Message Template,模板
655,attribut,Properties,属性
656,søg,Search,搜索
657,可用功能,See all available options,Tilgængeligeunktioner
658,tid,Time Stamp,时间
659,at give tilladelse,Authorization,授权
660,unormal,Exception,异常
661,Eksportér til Excel,Export Excel,导出 Excel
662,Eksport mislykkedes,Export fail,导出失败
663,Eksport vellykket,Export Success,导出成功
664,niveau,Level,级别
665,journal,Logs,日志
666,niveau,Logs Level,级别
667,oplysninger,Message,信息
668,Skabelon,Message Template,模板
669,attribut,Properties,属性
670,søg,Search,搜索
671,可用功能,See all available options,Tilgængeligeunktioner
672,tid,Time Stamp,时间
673,at give tilladelse,Authorization,授权
674,unormal,Exception,异常
675,Eksportér til Excel,Export Excel,导出 Excel
676,Eksport mislykkedes,Export fail,导出失败
677,Eksport vellykket,Export Success,导出成功
678,niveau,Level,级别
679,journal,Logs,日志
680,niveau,Logs Level,级别
681,oplysninger,Message,信息
682,Skabelon,Message Template,模板
683,attribut,Properties,属性
684,søg,Search,搜索
685,可用功能,See all available options,Tilgængeligeunktioner
686,tid,Time Stamp,时间
687,at give tilladelse,Authorization,授权
688,unormal,Exception,异常
689,Eksportér til Excel,Export Excel,导出 Excel
690,Eksport mislykkedes,Export fail,导出失败
691,Eksport vellykket,Export Success,导出成功
692,niveau,Level,级别
693,journal,Logs,日志
694,niveau,Logs Level,级别
695,oplysninger,Message,信息
696,Skabelon,Message Template,模板
697,attribut,Properties,属性
698,søg,Search,搜索
699,可用功能,See all available options,Tilgængeligeunktioner
700,tid,Time Stamp,时间
701,at give tilladelse,Authorization,授权
702,unormal,Exception,异常
703,Eksportér til Excel,Export Excel,导出 Excel
704,Eksport mislykkedes,Export fail,导出失败
705,Eksport vellykket,Export Success,导出成功
706,niveau,Level,级别
707,journal,Logs,日志
708,niveau,Logs Level,级别
709,oplysninger,Message,信息
710,Skabelon,Message Template,模板
711,attribut,Properties,属性
712,søg,Search,搜索
713,可用功能,See all available options,Tilgængeligeunktioner
714,tid,Time Stamp,时间
715,at give tilladelse,Authorization,授权
716,unormal,Exception,异常
717,Eksportér til Excel,Export Excel,导出 Excel
718,Eksport mislykkedes,Export fail,导出失败
719,Eksport vellykket,Export Success,导出成功
720,niveau,Level,级别
721,journal,Logs,日志
722,niveau,Logs Level,级别
723,oplysninger,Message,信息
724,Skabelon,Message Template,模板
725,attribut,Properties,属性
726,søg,Search,搜索
727,可用功能,See all available options,Tilgængeligeunktioner
728,tid,Time Stamp,时间
729,at give tilladelse,Authorization,授权
730,unormal,Exception,异常
731,Eksportér til Excel,Export Excel,导出 Excel
732,Eksport mislykkedes,Export fail,导出失败
733,Eksport vellykket,Export Success,导出成功
734,niveau,Level,级别
735,journal,Logs,日志
736,niveau,Logs Level,级别
737,oplysninger,Message,信息
738,Skabelon,Message Template,模板
739,attribut,Properties,属性
740,søg,Search,搜索
741,可用功能,See all available options,Tilgængeligeunktioner
742,tid,Time Stamp,时间
743,at give tilladelse,Authorization,授权
744,unormal,Exception,异常
745,Eksportér til Excel,Export Excel,导出 Excel
746,Eksport mislykkedes,Export fail,导出失败
747,Eksport vellykket,Export Success,导出成功
748,niveau,Level,级别
749,journal,Logs,日志
750,niveau,Logs Level,级别
751,oplysninger,Message,信息
752,Skabelon,Message Template,模板
753,attribut,Properties,属性
754,søg,Search,搜索
755,可用功能,See all available options,Tilgængeligeunktioner
756,tid,Time Stamp,时间
757,at give tilladelse,Authorization,授权
758,unormal,Exception,异常
759,Eksportér til Excel,Export Excel,导出 Excel
760,Eksport mislykkedes,Export fail,导出失败
761,Eksport vellykket,Export Success,导出成功
762,niveau,Level,级别
763,journal,Logs,日志
764,niveau,Logs Level,级别
765,oplysninger,Message,信息
766,Skabelon,Message Template,模板
767,attribut,Properties,属性
768,søg,Search,搜索
769,可用功能,See all available options,Tilgængeligeunktioner
770,tid,Time Stamp,时间
771,at give tilladelse,Authorization,授权
772,unormal,Exception,异常
773,Eksportér til Excel,Export Excel,导出 Excel
774,Eksport mislykkedes,Export fail,导出失败
775,Eksport vellykket,Export Success,导出成功
776,niveau,Level,级别
777,journal,Logs,日志
778,niveau,Logs Level,级别
779,oplysninger,Message,信息
780,Skabelon,Message Template,模板
781,attribut,Properties,属性
782,søg,Search,搜索
783,可用功能,See all available options,Tilgængeligeunktioner
784,tid,Time Stamp,时间
785,at give tilladelse,Authorization,授权
786,unormal,Exception,异常
787,Eksportér til Excel,Export Excel,导出 Excel
788,Eksport mislykkedes,Export fail,导出失败
789,Eksport vellykket,Export Success,导出成功
790,niveau,Level,级别
791,journal,Logs,日志
792,niveau,Logs Level,级别
793,oplysninger,Message,信息
794,Skabelon,Message Template,模板
795,attribut,Properties,属性
796,søg,Search,搜索
797,可用功能,See all available options,Tilgængeligeunktioner
798,tid,Time Stamp,时间
799,at give tilladelse,Authorization,授权
800,unormal,Exception,异常
801,Eksportér til Excel,Export Excel,导出 Excel
802,Eksport mislykkedes,Export fail,导出失败
803,Eksport vellykket,Export Success,导出成功
804,niveau,Level,级别
805,journal,Logs,日志
806,niveau,Logs Level,级别
807,oplysninger,Message,信息
808,Skabelon,Message Template,模板
809,attribut,Properties,属性
810,søg,Search,搜索
811,可用功能,See all available options,Tilgængeligeunktioner
812,tid,Time Stamp,时间
813,at give tilladelse,Authorization,授权
814,unormal,Exception,异常
815,Eksportér til Excel,Export Excel,导出 Excel
816,Eksport mislykkedes,Export fail,导出失败
817,Eksport vellykket,Export Success,导出成功
818,niveau,Level,级别
819,journal,Logs,日志
820,niveau,Logs Level,级别
821,oplysninger,Message,信息
822,Skabelon,Message Template,模板
823,attribut,Properties,属性
824,søg,Search,搜索
825,可用功能,See all available options,Tilgængeligeunktioner
826,tid,Time Stamp,时间
827,at give tilladelse,Authorization,授权
828,unormal,Exception,异常
829,Eksportér til Excel,Export Excel,导出 Excel
830,Eksport mislykkedes,Export fail,导出失败
831,Eksport vellykket,Export Success,导出成功
832,niveau,Level,级别
833,journal,Logs,日志
834,niveau,Logs Level,级别
835,oplysninger,Message,信息
836,Skabelon,Message Template,模板
837,attribut,Properties,属性
838,søg,Search,搜索
839,可用功能,See all available options,Tilgængeligeunktioner
840,tid,Time Stamp,时间
841,at give tilladelse,Authorization,授权
842,unormal,Exception,异常
843,Eksportér til Excel,Export Excel,导出 Excel
844,Eksport mislykkedes,Export fail,导出失败
845,Eksport vellykket,Export Success,导出成功
846,niveau,Level,级别
847,journal,Logs,日志
848,niveau,Logs Level,级别
849,oplysninger,Message,信息
850,Skabelon,Message Template,模板
851,attribut,Properties,属性
852,søg,Search,搜索
853,可用功能,See all available options,Tilgængeligeunktioner
854,tid,Time Stamp,时间
855,at give tilladelse,Authorization,授权
856,unormal,Exception,异常
857,Eksportér til Excel,Export Excel,导出 Excel
858,Eksport mislykkedes,Export fail,导出失败
859,Eksport vellykket,Export Success,导出成功
860,niveau,Level,级别
861,journal,Logs,日志
862,niveau,Logs Level,级别
863,oplysninger,Message,信息
864,Skabelon,Message Template,模板
865,attribut,Properties,属性
866,søg,Search,搜索
867,可用功能,See all available options,Tilgængeligeunktioner
868,tid,Time Stamp,时间
869,at give tilladelse,Authorization,授权
870,unormal,Exception,异常
871,Eksportér til Excel,Export Excel,导出 Excel
872,Eksport mislykkedes,Export fail,导出失败
873,Eksport vellykket,Export Success,导出成功
874,niveau,Level,级别
875,journal,Logs,日志
876,niveau,Logs Level,级别
877,oplysninger,Message,信息
878,Skabelon,Message Template,模板
879,attribut,Properties,属性
880,søg,Search,搜索
881,可用功能,See all available options,Tilgængeligeunktioner
882,tid,Time Stamp,时间
883,at give tilladelse,Authorization,授权
884,unormal,Exception,异常
885,Eksportér til Excel,Export Excel,导出 Excel
886,Eksport mislykkedes,Export fail,导出失败
887,Eksport vellykket,Export Success,导出成功
888,niveau,Level,级别
889,journal,Logs,日志
890,niveau,Logs Level,级别
891,oplysninger,Message,信息
892,Skabelon,Message Template,模板
893,attribut,Properties,属性
894,søg,Search,搜索
895,可用功能,See all available options,Tilgængeligeunktioner
896,tid,Time Stamp,时间
897,at give tilladelse,Authorization,授权
898,unormal,Exception,异常
899,Eksportér til Excel,Export Excel,导出 Excel
900,Eksport mislykkedes,Export fail,导出失败
901,Eksport vellykket,Export Success,导出成功
902,niveau,Level,级别
903,journal,Logs,日志
904,niveau,Logs Level,级别
905,oplysninger,Message,信息
906,Skabelon,Message Template,模板
907,attribut,Properties,属性
908,søg,Search,搜索
909,可用功能,See all available options,Tilgængeligeunktioner
910,tid,Time Stamp,时间
911,at give tilladelse,Authorization,授权
912,unormal,Exception,异常
913,Eksportér til Excel,Export Excel,导出 Excel
914,Eksport mislykkedes,Export fail,导出失败
915,Eksport vellykket,Export Success,导出成功
916,niveau,Level,级别
917,journal,Logs,日志
918,niveau,Logs Level,级别
919,oplysninger,Message,信息
920,Skabelon,Message Template,模板
921,attribut,Properties,属性
922,søg,Search,搜索
923,可用功能,See all available options,Tilgængeligeunktioner
924,tid,Time Stamp,时间
925,at give tilladelse,Authorization,授权
926,unormal,Exception,异常
927,Eksportér til Excel,Export Excel,导出 Excel
928,Eksport mislykkedes,Export fail,导出失败
929,Eksport vellykket,Export Success,导出成功
930,niveau,Level,级别
931,journal,Logs,日志
932,niveau,Logs Level,级别
933,oplysninger,Message,信息
934,Skabelon,Message Template,模板
935,attribut,Properties,属性
936,søg,Search,搜索
937,可用功能,See all available options,Tilgængeligeunktioner
938,tid,Time Stamp,时间
939,at give tilladelse,Authorization,授权
940,unormal,Exception,异常
941,Eksportér til Excel,Export Excel,导出 Excel
942,Eksport mislykkedes,Export fail,导出失败
943,Eksport vellykket,Export Success,导出成功
944,niveau,Level,级别
945,journal,Logs,日志
946,niveau,Logs Level,级别
947,oplysninger,Message,信息
948,Skabelon,Message Template,模板
949,attribut,Properties,属性
950,søg,Search,搜索
951,可用功能,See all available options,Tilgængeligeunktioner
952,tid,Time Stamp,时间
953,at give tilladelse,Authorization,授权
954,unormal,Exception,异常
955,Eksportér til Excel,Export Excel,导出 Excel
956,Eksport mislykkedes,Export fail,导出失败
957,Eksport vellykket,Export Success,导出成功
958,niveau,Level,级别
959,journal,Logs,日志
960,niveau,Logs Level,级别
961,oplysninger,Message,信息
962,Skabelon,Message Template,模板
963,attribut,Properties,属性
964,søg,Search,搜索
965,可用功能,See all available options,Tilgængeligeunktioner
966,tid,Time Stamp,时间
967,at give tilladelse,Authorization,授权
968,unormal,Exception,异常
969,Eksportér til Excel,Export Excel,导出 Excel
970,Eksport mislykkedes,Export fail,导出失败
971,Eksport vellykket,Export Success,导出成功
972,niveau,Level,级别
973,journal,Logs,日志
974,niveau,Logs Level,级别
975,oplysninger,Message,信息
976,Skabelon,Message Template,模板
977,attribut,Properties,属性
978,søg,Search,搜索
979,可用功能,See all available options,Tilgængeligeunktioner
980,tid,Time Stamp,时间
981,at give tilladelse,Authorization,授权
982,unormal,Exception,异常
983,Eksportér til Excel,Export Excel,导出 Excel
984,Eksport mislykkedes,Export fail,导出失败
985,Eksport vellykket,Export Success,导出成功
986,niveau,Level,级别
987,journal,Logs,日志
988,niveau,Logs Level,级别
989,oplysninger,Message,信息
990,Skabelon,Message Template,模板
991,attribut,Properties,属性
992,søg,Search,搜索
993,可用功能,See all available options,Tilgængeligeunktioner
994,tid,Time Stamp,时间
995,at give tilladelse,Authorization,授权
996,unormal,Exception,异常
997,Eksportér til Excel,Export Excel,导出 Excel
998,Eksport mislykkedes,Export fail,导出失败
999,Eksport vellykket,Export Success,导出成功
1000,niveau,Level,级别
1001,journal,Logs,日志
1002,niveau,Logs Level,级别
1003,oplysninger,Message,信息
1004,Skabelon,Message Template,模板
1005,attribut,Properties,属性
1006,søg,Search,搜索
1007,可用功能,See all available options,Tilgængeligeunktioner
1008,tid,Time Stamp,时间
1009,at give tilladelse,Authorization,授权
1010,unormal,Exception,异常
1011,Eksportér til Excel,Export Excel,导出 Excel
1012,Eksport mislykkedes,Export fail,导出失败
1013,Eksport vellykket,Export Success,导出成功
1014,niveau,Level,级别
1015,journal,Logs,日志
1016,niveau,Logs Level,级别
1017,oplysninger,Message,信息
1018,Skabelon,Message Template,模板
1019,attribut,Properties,属性
1020,søg,Search,搜索
1021,可用功能,See all available options,Tilgængeligeunktioner
1022,tid,Time Stamp,时间
1023,at give tilladelse,Authorization,授权
1024,unormal,Exception,异常
1025,Eksportér til Excel,Export Excel,导出 Excel
1026,Eksport mislykkedes,Export fail,导出失败
1027,Eksport vellykket,Export Success,导出成功
1028,niveau,Level,级别
1029,journal,Logs,日志
1030,niveau,Logs Level,级别
1031,oplysninger,Message,信息
1032,Skabelon,Message Template,模板
1033,attribut,Properties,属性
1034,søg,Search,搜索
1035,可用功能,See all available options,Tilgængeligeunktioner
1036,tid,Time Stamp,时间
1037,at give tilladelse,Authorization,授权
1038,unormal,Exception,异常
1039,Eksportér til Excel,Export Excel,导出 Excel
1040,Eksport mislykkedes,Export fail,导出失败
1041,Eksport vellykket,Export Success,导出成功
1042,niveau,Level,级别
1043,journal,Logs,日志
1044,niveau,Logs Level,级别
1045,oplysninger,Message,信息
1046,Skabelon,Message Template,模板
1047,attribut,Properties,属性
1048,søg,Search,搜索
1049,可用功能,See all available options,Tilgængeligeunktioner
1050,tid,Time Stamp,时间
1051,at give tilladelse,Authorization,授权
1052,unormal,Exception,异常
1053,Eksportér til Excel,Export Excel,导出 Excel
1054,Eksport mislykkedes,Export fail,导出失败
1055,Eksport vellykket,Export Success,导出成功
1056,niveau,Level,级别
1057,journal,Logs,日志
1058,niveau,Logs Level,级别
1059,oplysninger,Message,信息
1060,Skabelon,Message Template,模板
1061,attribut,Properties,属性
1062,søg,Search,搜索
1063,可用功能,See all available options,Tilgængeligeunktioner
1064,tid,Time Stamp,时间
1065,at give tilladelse,Authorization,授权
1066,unormal,Exception,异常
1067,Eksportér til Excel,Export Excel,导出 Excel
1068,Eksport mislykkedes,Export fail,导出失败
1069,Eksport vellykket,Export Success,导出成功
1070,niveau,Level,级别
1071,journal,Logs,日志
1072,niveau,Logs Level,级别
1073,oplysninger,Message,信息
1074,Skabelon,Message Template,模板
1075,attribut,Properties,属性
1076,søg,Search,搜索
1077,可用功能,See all available options,Tilgængeligeunktioner
1078,tid,Time Stamp,时间
1079,at give tilladelse,Authorization,授权
1080,unormal,Exception,异常
1081,Eksportér til Excel,Export Excel,导出 Excel
1082,Eksport mislykkedes,Export fail,导出失败
1083,Eksport vellykket,Export Success,导出成功
1084,niveau,Level,级别
1085,journal,Logs,日志
1086,niveau,Logs Level,级别
1087,oplysninger,Message,信息
1088,Skabelon,Message Template,模板
1089,attribut,Properties,属性
1090,søg,Search,搜索
1091,可用功能,See all available options,Tilgængeligeunktioner
1092,tid,Time Stamp,时间
1093,at give tilladelse,Authorization,授权
1094,unormal,Exception,异常
1095,Eksportér til Excel,Export Excel,导出 Excel
1096,Eksport mislykkedes,Export fail,导出失败
1097,Eksport vellykket,Export Success,导出成功
1098,niveau,Level,级别
1099,journal,Logs,日志
1100,niveau,Logs Level,级别
1101,oplysninger,Message,信息
1102,Skabelon,Message Template,模板
1103,attribut,Properties,属性
1104,søg,Search,搜索
1105,可用功能,See all available options,Tilgængeligeunktioner
1106,tid,Time Stamp,时间
1107,at give tilladelse,Authorization,授权
1108,unormal,Exception,异常
1109,Eksportér til Excel,Export Excel,导出 Excel
1110,Eksport mislykkedes,Export fail,导出失败
1111,Eksport vellykket,Export Success,导出成功
1112,niveau,Level,级别
1113,journal,Logs,日志
1114,niveau,Logs Level,级别
1115,oplysninger,Message,信息
1116,Skabelon,Message Template,模板
1117,attribut,Properties,属性
1118,søg,Search,搜索
1119,可用功能,See all available options,Tilgængeligeunktioner
1120,tid,Time Stamp,时间
1121,at give tilladelse,Authorization,授权
1122,unormal,Exception,异常
1123,Eksportér til Excel,Export Excel,导出 Excel
1124,Eksport mislykkedes,Export fail,导出失败
1125,Eksport vellykket,Export Success,导出成功
1126,niveau,Level,级别
1127,journal,Logs,日志
1128,niveau,Logs Level,级别
1129,oplysninger,Message,信息
1130,Skabelon,Message Template,模板
1131,attribut,Properties,属性
1132,søg,Search,搜索
1133,可用功能,See all available options,Tilgængeligeunktioner
1134,tid,Time Stamp,时间
1135,at give tilladelse,Authorization,授权
1136,unormal,Exception,异常
1137,Eksportér til Excel,Export Excel,导出 Excel
1138,Eksport mislykkedes,Export fail,导出失败
1139,Eksport vellykket,Export Success,导出成功
1140,niveau,Level,级别
1141,journal,Logs,日志
1142,niveau,Logs Level,级别
1143,oplysninger,Message,信息
1144,Skabelon,Message Template,模板
1145,attribut,Properties,属性
1146,søg,Search,搜索
1147,可用功能,See all available options,Tilgængeligeunktioner
1148,tid,Time Stamp,时间
1149,at give tilladelse,Authorization,授权
1150,unormal,Exception,异常
1151,Eksportér til Excel,Export Excel,导出 Excel
1152,Eksport mislykkedes,Export fail,导出失败
1153,Eksport vellykket,Export Success,导出成功
1154,niveau,Level,级别
1155,journal,Logs,日志
1156,niveau,Logs Level,级别
1157,oplysninger,Message,信息
1158,Skabelon,Message Template,模板
1159,attribut,Properties,属性
1160,søg,Search,搜索
1161,可用功能,See all available options,Tilgængeligeunktioner
1162,tid,Time Stamp,时间
1163,at give tilladelse,Authorization,授权
1164,unormal,Exception,异常
1165,Eksportér til Excel,Export Excel,导出 Excel
1166,Eksport mislykkedes,Export fail,导出失败
1167,Eksport vellykket,Export Success,导出成功
1168,niveau,Level,级别
1169,journal,Logs,日志
1170,niveau,Logs Level,级别
1171,oplysninger,Message,信息
1172,Skabelon,Message Template,模板
1173,attribut,Properties,属性
1174,søg,Search,搜索
1175,可用功能,See all available options,Tilgængeligeunktioner
1176,tid,Time Stamp,时间
1177,at give tilladelse,Authorization,授权
1178,unormal,Exception,异常
1179,Eksportér til Excel,Export Excel,导出 Excel
1180,Eksport mislykkedes,Export fail,导出失败
1181,Eksport vellykket,Export Success,导出成功
1182,niveau,Level,级别
1183,journal,Logs,日志
1184,niveau,Logs Level,级别
1185,oplysninger,Message,信息
1186,Skabelon,Message Template,模板
1187,attribut,Properties,属性
1188,søg,Search,搜索
1189,可用功能,See all available options,Tilgængeligeunktioner
1190,tid,Time Stamp,时间
1191,at give tilladelse,Authorization,授权
1192,unormal,Exception,异常
1193,Eksportér til Excel,Export Excel,导出 Excel
1194,Eksport mislykkedes,Export fail,导出失败
1195,Eksport vellykket,Export Success,导出成功
1196,niveau,Level,级别
1197,journal,Logs,日志
1198,niveau,Logs Level,级别
1199,oplysninger,Message,信息
1200,Skabelon,Message Template,模板
1201,attribut,Properties,属性
1202,søg,Search,搜索
1203,可用功能,See all available options,Tilgængeligeunktioner
1204,tid,Time Stamp,时间
1205,at give tilladelse,Authorization,授权
1206,unormal,Exception,异常
1207,Eksportér til Excel,Export Excel,导出 Excel
1208,Eksport mislykkedes,Export fail,导出失败
1209,Eksport vellykket,Export Success,导出成功
1210,niveau,Level,级别
1211,journal,Logs,日志
1212,niveau,Logs Level,级别
1213,oplysninger,Message,信息
1214,Skabelon,Message Template,模板
1215,attribut,Properties,属性
1216,søg,Search,搜索
1217,可用功能,See all available options,Tilgængeligeunktioner
1218,tid,Time Stamp,时间
1219,at give tilladelse,Authorization,授权
1220,unormal,Exception,异常
1221,Eksportér til Excel,Export Excel,导出 Excel
1222,Eksport mislykkedes,Export fail,导出失败
1223,Eksport vellykket,Export Success,导出成功
1224,niveau,Level,级别
1225,journal,Logs,日志
1226,niveau,Logs Level,级别
1227,oplysninger,Message,信息
1228,Skabelon,Message Template,模板
1229,attribut,Properties,属性
1230,søg,Search,搜索
1231,可用功能,See all available options,Tilgængeligeunktioner
1232,tid,Time Stamp,时间
1233,at give tilladelse,Authorization,授权
1234,unormal,Exception,异常
1235,Eksportér til Excel,Export Excel,导出 Excel
1236,Eksport mislykkedes,Export fail,导出失败
1237,Eksport vellykket,Export Success,导出成功
1238,niveau,Level,级别
1239,journal,Logs,日志
1240,niveau,Logs Level,级别
1241,oplysninger,Message,信息
1242,Skabelon,Message Template,模板
1243,attribut,Properties,属性
1244,søg,Search,搜索
1245,可用功能,See all available options,Tilgængeligeunktioner
1246,tid,Time Stamp,时间
1247,at give tilladelse,Authorization,授权
1248,unormal,Exception,异常
1249,Eksportér til Excel,Export Excel,导出 Excel
1250,Eksport mislykkedes,Export fail,导出失败
1251,Eksport vellykket,Export Success,导出成功
1252,niveau,Level,级别
1253,journal,Logs,日志
1254,niveau,Logs Level,级别
1255,oplysninger,Message,信息
1256,Skabelon,Message Template,模板
1257,attribut,Properties,属性
1258,søg,Search,搜索
1259,可用功能,See all available options,Tilgængeligeunktioner
1260,tid,Time Stamp,时间
1261,at give tilladelse,Authorization,授权
1262,unormal,Exception,异常
1263,Eksportér til Excel,Export Excel,导出 Excel
1264,Eksport mislykkedes,Export fail,导出失败
1265,Eksport vellykket,Export Success,导出成功
1266,niveau,Level,级别
1267,journal,Logs,日志
1268,niveau,Logs Level,级别
1269,oplysninger,Message,信息
1270,Skabelon,Message Template,模板
1271,attribut,Properties,属性
1272,søg,Search,搜索
1273,可用功能,See all available options,Tilgængeligeunktioner
1274,tid,Time Stamp,时间
1275,at give tilladelse,Authorization,授权
1276,unormal,Exception,异常
1277,Eksportér til Excel,Export Excel,导出 Excel
1278,Eksport mislykkedes,Export fail,导出失败
1279,Eksport vellykket,Export Success,导出成功
1280,niveau,Level,级别
1281,journal,Logs,日志
1282,niveau,Logs Level,级别
1283,oplysninger,Message,信息
1284,Skabelon,Message Template,模板
1285,attribut,Properties,属性
1286,søg,Search,搜索
1287,可用功能,See all available options,Tilgængeligeunktioner
1288,tid,Time Stamp,时间
1289,at give tilladelse,Authorization,授权
1290,unormal,Exception,异常
1291,Eksportér til Excel,Export Excel,导出 Excel
1292,Eksport mislykkedes,Export fail,导出失败
1293,Eksport vellykket,Export Success,导出成功
1294,niveau,Level,级别
1295,journal,Logs,日志
1296,niveau,Logs Level,级别
1297,oplysninger,Message,信息
1298,Skabelon,Message Template,模板
1299,attribut,Properties,属性
1300,søg,Search,搜索
1301,可用功能,See all available options,Tilgængeligeunktioner
1302,tid,Time Stamp,时间
1303,at give tilladelse,Authorization,授权
1304,unormal,Exception,异常
1305,Eksportér til Excel,Export Excel,导出 Excel
1306,Eksport mislykkedes,Export fail,导出失败
1307,Eksport vellykket,Export Success,导出成功
1308,niveau,Level,级别
1309,journal,Logs,日志
1310,niveau,Logs Level,级别
1311,oplysninger,Message,信息
1312,Skabelon,Message Template,模板
1313,attribut,Properties,属性
1314,søg,Search,搜索
1315,可用功能,See all available options,Tilgængeligeunktioner
1316,tid,Time Stamp,时间
1317,at give tilladelse,Authorization,授权
1318,unormal,Exception,异常
1319,Eksportér til Excel,Export Excel,导出 Excel
1320,Eksport mislykkedes,Export fail,导出失败
1321,Eksport vellykket,Export Success,导出成功
1322,niveau,Level,级别
1323,journal,Logs,日志
1324,niveau,Logs Level,级别
1325,oplysninger,Message,信息
1326,Skabelon,Message Template,模板
1327,attribut,Properties,属性
1328,søg,Search,搜索
1329,可用功能,See all available options,Tilgængeligeunktioner
1330,tid,Time Stamp,时间
1331,at give tilladelse,Authorization,授权
1332,unormal,Exception,异常
1333,Eksportér til Excel,Export Excel,导出 Excel
1334,Eksport mislykkedes,Export fail,导出失败
1335,Eksport vellykket,Export Success,导出成功
1336,niveau,Level,级别
1337,journal,Logs,日志
1338,niveau,Logs Level,级别
1339,oplysninger,Message,信息
1340,Skabelon,Message Template,模板
1341,attribut,Properties,属性
1342,søg,Search,搜索
1343,可用功能,See all available options,Tilgængeligeunktioner
1344,tid,Time Stamp,时间
1345,at give tilladelse,Authorization,授权
1346,unormal,Exception,异常
1347,Eksportér til Excel,Export Excel,导出 Excel
1348,Eksport mislykkedes,Export fail,导出失败
1349,Eksport vellykket,Export Success,导出成功
1350,niveau,Level,级别
1351,journal,Logs,日志
1352,niveau,Logs Level,级别
1353,oplysninger,Message,信息
1354,Skabelon,Message Template,模板
1355,attribut,Properties,属性
1356,søg,Search,搜索
1357,可用功能,See all available options,Tilgængeligeunktioner
1358,tid,Time Stamp,时间
1359,at give tilladelse,Authorization,授权
1360,unormal,Exception,异常
1361,Eksportér til Excel,Export Excel,导出 Excel
1362,Eksport mislykkedes,Export fail,导出失败
1363,Eksport vellykket,Export Success,导出成功
1364,niveau,Level,级别
1365,journal,Logs,日志
1366,niveau,Logs Level,级别
1367,oplysninger,Message,信息
1368,Skabelon,Message Template,模板
1369,attribut,Properties,属性
1370,søg,Search,搜索
1371,可用功能,See all available options,Tilgængeligeunktioner
1372,tid,Time Stamp,时间
1373,at give tilladelse,Authorization,授权
1374,unormal,Exception,异常
1375,Eksportér til Excel,Export Excel,导出 Excel
1376,Eksport mislykkedes,Export fail,导出失败
1377,Eksport vellykket,Export Success,导出成功
1378,niveau,Level,级别
1379,journal,Logs,日志
1380,niveau,Logs Level,级别
1381,oplysninger,Message,信息
1382,Skabelon,Message Template,模板
1383,attribut,Properties,属性
1384,søg,Search,搜索
1385,可用功能,See all available options,Tilgængeligeunktioner
1386,tid,Time Stamp,时间
1387,at give tilladelse,Authorization,授权
1388,unormal,Exception,异常
1389,Eksportér til Excel,Export Excel,导出 Excel
1390,Eksport mislykkedes,Export fail,导出失败
1391,Eksport vellykket,Export Success,导出成功
1392,niveau,Level,级别
1393,journal,Logs,日志
1394,niveau,Logs Level,级别
1395,oplysninger,Message,信息
1396,Skabelon,Message Template,模板
1397,attribut,Properties,属性
1398,søg,Search,搜索
1399,可用功能,See all available options,Tilgængeligeunktioner
1400,tid,Time Stamp,时间
1401,at give tilladelse,Authorization,授权
1402,unormal,Exception,异常
1403,Eksportér til Excel,Export Excel,导出 Excel
1404,Eksport mislykkedes,Export fail,导出失败
1405,Eksport vellykket,Export Success,导出成功
1406,niveau,Level,级别
1407,journal,Logs,日志
1408,niveau,Logs Level,级别
1409,oplysninger,Message,信息
1410,Skabelon,Message Template,模板
1411,attribut,Properties,属性
1412,søg,Search,搜索
1413,可用功能,See all available options,Tilgængeligeunktioner
1414,tid,Time Stamp,时间
1415,at give tilladelse,Authorization,授权
1416,unormal,Exception,异常
1417,Eksportér til Excel,Export Excel,导出 Excel
1418,Eksport mislykkedes,Export fail,导出失败
1419,Eksport vellykket,Export Success,导出成功
1420,niveau,Level,级别
1421,journal,Logs,日志
1422,niveau,Logs Level,级别
1423,oplysninger,Message,信息
1424,Skabelon,Message Template,模板
1425,attribut,Properties,属性
1426,søg,Search,搜索
1427,可用功能,See all available options,Tilgængeligeunktioner
1428,tid,Time Stamp,时间
1429,at give tilladelse,Authorization,授权
1430,unormal,Exception,异常
1431,Eksportér til Excel,Export Excel,导出 Excel
1432,Eksport mislykkedes,Export fail,导出失败
1433,Eksport vellykket,Export Success,导出成功
1434,niveau,Level,级别
1435,journal,Logs,日志
1436,niveau,Logs Level,级别
1437,oplysninger,Message,信息
1438,Skabelon,Message Template,模板
1439,attribut,Properties,属性
1440,søg,Search,搜索
1441,可用功能,See all available options,Tilgængeligeunktioner
1442,tid,Time Stamp,时间
1443,at give tilladelse,Authorization,授权
1444,unormal,Exception,异常
1445,Eksportér til Excel,Export Excel,导出 Excel
1446,Eksport mislykkedes,Export fail,导出失败
1447,Eksport vellykket,Export Success,导出成功
1448,niveau,Level,级别
1449,journal,Logs,日志
1450,niveau,Logs Level,级别
1451,oplysninger,Message,信息
1452,Skabelon,Message Template,模板
1453,attribut,Properties,属性
1454,søg,Search,搜索
1455,可用功能,See all available options,Tilgængeligeunktioner
1456,tid,Time Stamp,时间
1457,at give tilladelse,Authorization,授权
1458,unormal,Exception,异常
1459,Eksportér til Excel,Export Excel,导出 Excel
1460,Eksport mislykkedes,Export fail,导出失败
1461,Eksport vellykket,Export Success,导出成功
1462,niveau,Level,级别
1463,journal,Logs,日志
1464,niveau,Logs Level,级别
1465,oplysninger,Message,信息
1466,Skabelon,Message Template,模板
1467,attribut,Properties,属性
1468,søg,Search,搜索
1469,可用功能,See all available options,Tilgængeligeunktioner
1470,tid,Time Stamp,时间
1471,at give tilladelse,Authorization,授权
1472,unormal,Exception,异常
1473,Eksportér til Excel,Export Excel,导出 Excel
1474,Eksport mislykkedes,Export fail,导出失败
1475,Eksport vellykket,Export Success,导出成功
1476,niveau,Level,级别
1477,journal,Logs,日志
1478,niveau,Logs Level,级别
1479,oplysninger,Message,信息
1480,Skabelon,Message Template,模板
1481,attribut,Properties,属性
1482,søg,Search,搜索
1483,可用功能,See all available options,Tilgængeligeunktioner
1484,tid,Time Stamp,时间
1485,at give tilladelse,Authorization,授权
1486,unormal,Exception,异常
1487,Eksportér til Excel,Export Excel,导出 Excel
1488,Eksport mislykkedes,Export fail,导出失败
1489,Eksport vellykket,Export Success,导出成功
1490,niveau,Level,级别
1491,journal,Logs,日志
1492,niveau,Logs Level,级别
1493,oplysninger,Message,信息
1494,Skabelon,Message Template,模板
1495,attribut,Properties,属性
1496,søg,Search,搜索
1497,可用功能,See all available options,Tilgængeligeunktioner
1498,tid,Time Stamp,时间
1499,at give tilladelse,Authorization,授权
1500,unormal,Exception,异常
1501,Eksportér til Excel,Export Excel,导出 Excel
1502,Eksport mislykkedes,Export fail,导出失败
1503,Eksport vellykket,Export Success,导出成功
1504,niveau,Level,级别
1505,journal,Logs,日志
1506,niveau,Logs Level,级别
1507,oplysninger,Message,信息
1508,Skabelon,Message Template,模板
1509,attribut,Properties,属性
1510,søg,Search,搜索
1511,可用功能,See all available options,Tilgængeligeunktioner
1512,tid,Time Stamp,时间
1513,at give tilladelse,Authorization,授权
1514,unormal,Exception,异常
1515,Eksportér til Excel,Export Excel,导出 Excel
1516,Eksport mislykkedes,Export fail,导出失败
1517,Eksport vellykket,Export Success,导出成功
1518,niveau,Level,级别
1519,journal,Logs,日志
1520,niveau,Logs Level,级别
1521,oplysninger,Message,信息
1522,Skabelon,Message Template,模板
1523,attribut,Properties,属性
1524,søg,Search,搜索
1525,可用功能,See all available options,Tilgængeligeunktioner
1526,tid,Time Stamp,时间
1527,at give tilladelse,Authorization,授权
1528,unormal,Exception,异常
1529,Eksportér til Excel,Export Excel,导出 Excel
1530,Eksport mislykkedes,Export fail,导出失败
1531,Eksport vellykket,Export Success,导出成功
1532,niveau,Level,级别
1533,journal,Logs,日志
1534,niveau,Logs Level,级别
1535,oplysninger,Message,信息
1536,Skabelon,Message Template,模板
1537,attribut,Properties,属性
1538,søg,Search,搜索
1539,可用功能,See all available options,Tilgængeligeunktioner
1540,tid,Time Stamp,时间
1541,at give tilladelse,Authorization,授权
1542,unormal,Exception,异常
1543,Eksportér til Excel,Export Excel,导出 Excel
1544,Eksport mislykkedes,Export fail,导出失败
1545,Eksport vellykket,Export Success,导出成功
1546,niveau,Level,级别
1547,journal,Logs,日志
1548,niveau,Logs Level,级别
1549,oplysninger,Message,信息
1550,Skabelon,Message Template,模板
1551,attribut,Properties,属性
1552,søg,Search,搜索
1553,可用功能,See all available options,Tilgængeligeunktioner
1554,tid,Time Stamp,时间
1555,at give tilladelse,Authorization,授权
1556,unormal,Exception,异常
1557,Eksportér til Excel,Export Excel,导出 Excel
1558,Eksport mislykkedes,Export fail,导出失败
1559,Eksport vellykket,Export Success,导出成功
1560,niveau,Level,级别
1561,journal,Logs,日志
1562,niveau,Logs Level,级别
1563,oplysninger,Message,信息
1564,Skabelon,Message Template,模板
1565,attribut,Properties,属性
1566,søg,Search,搜索
1567,可用功能,See all available options,Tilgængeligeunktioner
1568,tid,Time Stamp,时间
1569,at give tilladelse,Authorization,授权
1570,unormal,Exception,异常
1571,Eksportér til Excel,Export Excel,导出 Excel
1572,Eksport mislykkedes,Export fail,导出失败
1573,Eksport vellykket,Export Success,导出成功
1574,niveau,Level,级别
1575,journal,Logs,日志
1576,niveau,Logs Level,级别
1577,oplysninger,Message,信息
1578,Skabelon,Message Template,模板
1579,attribut,Properties,属性
1580,søg,Search,搜索
1581,可用功能,See all available options,Tilgængeligeunktioner
1582,tid,Time Stamp,时间
1583,at give tilladelse,Authorization,授权
1584,unormal,Exception,异常
1585,Eksportér til Excel,Export Excel,导出 Excel
1586,Eksport mislykkedes,Export fail,导出失败
1587,Eksport vellykket,Export Success,导出成功
1588,niveau,Level,级别
1589,journal,Logs,日志
1590,niveau,Logs Level,级别
1591,oplysninger,Message,信息
1592,Skabelon,Message Template,模板
1593,attribut,Properties,属性
1594,søg,Search,搜索
1595,可用功能,See all available options,Tilgængeligeunktioner
1596,tid,Time Stamp,时间
1597,at give tilladelse,Authorization,授权
1598,unormal,Exception,异常
1599,Eksportér til Excel,Export Excel,导出 Excel
1600,Eksport mislykkedes,Export fail,导出失败
1601,Eksport vellykket,Export Success,导出成功
1602,niveau,Level,级别
1603,journal,Logs,日志
1604,niveau,Logs Level,级别
1605,oplysninger,Message,信息
1606,Skabelon,Message Template,模板
1607,attribut,Properties,属性
1608,søg,Search,搜索
1609,可用功能,See all available options,Tilgængeligeunktioner
1610,tid,Time Stamp,时间
1611,at give tilladelse,Authorization,授权
1612,unormal,Exception,异常
1613,Eksportér til Excel,Export Excel,导出 Excel
1614,Eksport mislykkedes,Export fail,导出失败
1615,Eksport vellykket,Export Success,导出成功
1616,niveau,Level,级别
1617,journal,Logs,日志
1618,niveau,Logs Level,级别
1619,oplysninger,Message,信息
1620,Skabelon,Message Template,模板
1621,attribut,Properties,属性
1622,søg,Search,搜索
1623,可用功能,See all available options,Tilgængeligeunktioner
1624,tid,Time Stamp,时间
1625,at give tilladelse,Authorization,授权
1626,unormal,Exception,异常
1627,Eksportér til Excel,Export Excel,导出 Excel
1628,Eksport mislykkedes,Export fail,导出失败
1629,Eksport vellykket,Export Success,导出成功
1630,niveau,Level,级别
1631,journal,Logs,日志
1632,niveau,Logs Level,级别
1633,oplysninger,Message,信息
1634,Skabelon,Message Template,模板
1635,attribut,Properties,属性
1636,søg,Search,搜索
1637,可用功能,See all available options,Tilgængeligeunktioner
1638,tid,Time Stamp,时间
1639,at give tilladelse,Authorization,授权
1640,unormal,Exception,异常
1641,Eksportér til Excel,Export Excel,导出 Excel
1642,Eksport mislykkedes,Export fail,导出失败
1643,Eksport vellykket,Export Success,导出成功
1644,niveau,Level,级别
1645,journal,Logs,日志
1646,niveau,Logs Level,级别
1647,oplysninger,Message,信息
1648,Skabelon,Message Template,模板
1649,attribut,Properties,属性
1650,søg,Search,搜索
1651,可用功能,See all available options,Tilgængeligeunktioner
1652,tid,Time Stamp,时间
1653,at give tilladelse,Authorization,授权
1654,unormal,Exception,异常
1655,Eksportér til Excel,Export Excel,导出 Excel
1656,Eksport mislykkedes,Export fail,导出失败
1657,Eksport vellykket,Export Success,导出成功
1658,niveau,Level,级别
1659,journal,Logs,日志
1660,niveau,Logs Level,级别
1661,oplysninger,Message,信息
1662,Skabelon,Message Template,模板
1663,attribut,Properties,属性
1664,søg,Search,搜索
1665,可用功能,See all available options,Tilgængeligeunktioner
1666,tid,Time Stamp,时间
1667,at give tilladelse,Authorization,授权
1668,unormal,Exception,异常
1669,Eksportér til Excel,Export Excel,导出 Excel
1670,Eksport mislykkedes,Export fail,导出失败
1671,Eksport vellykket,Export Success,导出成功
1672,niveau,Level,级别
1673,journal,Logs,日志
1674,niveau,Logs Level,级别
1675,oplysninger,Message,信息
1676,Skabelon,Message Template,模板
1677,attribut,Properties,属性
1678,søg,Search,搜索
1679,可用功能,See all available options,Tilgængeligeunktioner
1680,tid,Time Stamp,时间
1681,at give tilladelse,Authorization,授权
1682,unormal,Exception,异常
1683,Eksportér til Excel,Export Excel,导出 Excel
1684,Eksport mislykkedes,Export fail,导出失败
1685,Eksport vellykket,Export Success,导出成功
1686,niveau,Level,级别
1687,journal,Logs,日志
1688,niveau,Logs Level,级别
1689,oplysninger,Message,信息
1690,Skabelon,Message Template,模板
1691,attribut,Properties,属性
1692,søg,Search,搜索
1693,可用功能,See all available options,Tilgængeligeunktioner
1694,tid,Time Stamp,时间
1695,at give tilladelse,Authorization,授权
1696,unormal,Exception,异常
1697,Eksportér til Excel,Export Excel,导出 Excel
1698,Eksport mislykkedes,Export fail,导出失败
1699,Eksport vellykket,Export Success,导出成功
1700,niveau,Level,级别
1701,journal,Logs,日志
1702,niveau,Logs Level,级别
1703,oplysninger,Message,信息
1704,Skabelon,Message Template,模板
1705,attribut,Properties,属性
1706,søg,Search,搜索
1707,可用功能,See all available options,Tilgængeligeunktioner
1708,tid,Time Stamp,时间
1709,at give tilladelse,Authorization,授权
1710,unormal,Exception,异常
1711,Eksportér til Excel,Export Excel,导出 Excel
1712,Eksport mislykkedes,Export fail,导出失败
1713,Eksport vellykket,Export Success,导出成功
1714,niveau,Level,级别
1715,journal,Logs,日志
1716,niveau,Logs Level,级别
1717,oplysninger,Message,信息
1718,Skabelon,Message Template,模板
1719,attribut,Properties,属性
1720,søg,Search,搜索
1721,可用功能,See all available options,Tilgængeligeunktioner
1722,tid,Time Stamp,时间
1723,at give tilladelse,Authorization,授权
1724,unormal,Exception,异常
1725,Eksportér til Excel,Export Excel,导出 Excel
1726,Eksport mislykkedes,Export fail,导出失败
1727,Eksport vellykket,Export Success,导出成功
1728,niveau,Level,级别
1729,journal,Logs,日志
1730,niveau,Logs Level,级别
1731,oplysninger,Message,信息
1732,Skabelon,Message Template,模板
1733,attribut,Properties,属性
1734,søg,Search,搜索
1735,可用功能,See all available options,Tilgængeligeunktioner
1736,tid,Time Stamp,时间
1737,at give tilladelse,Authorization,授权
1738,unormal,Exception,异常
1739,Eksportér til Excel,Export Excel,导出 Excel
1740,Eksport mislykkedes,Export fail,导出失败
1741,Eksport vellykket,Export Success,导出成功
1742,niveau,Level,级别
1743,journal,Logs,日志
1744,niveau,Logs Level,级别
1745,oplysninger,Message,信息
1746,Skabelon,Message Template,模板
1747,attribut,Properties,属性
1748,søg,Search,搜索
1749,可用功能,See all available options,Tilgængeligeunktioner
1750,tid,Time Stamp,时间
1751,at give tilladelse,Authorization,授权
1752,unormal,Exception,异常
1753,Eksportér til Excel,Export Excel,导出 Excel
1754,Eksport mislykkedes,Export fail,导出失败
1755,Eksport vellykket,Export Success,导出成功
1756,niveau,Level,级别
1757,journal,Logs,日志
1758,niveau,Logs Level,级别
1759,oplysninger,Message,信息
1760,Skabelon,Message Template,模板
1761,attribut,Properties,属性
1762,søg,Search,搜索
1763,可用功能,See all available options,Tilgængeligeunktioner
1764,tid,Time Stamp,时间
1765,at give tilladelse,Authorization,授权
1766,unormal,Exception,异常
1767,Eksportér til Excel,Export Excel,导出 Excel
1768,Eksport mislykkedes,Export fail,导出失败
1769,Eksport vellykket,Export Success,导出成功
1770,niveau,Level,级别
1771,journal,Logs,日志
1772,niveau,Logs Level,级别
1773,oplysninger,Message,信息
1774,Skabelon,Message Template,模板
1775,attribut,Properties,属性
1776,søg,Search,搜索
1777,可用功能,See all available options,Tilgængeligeunktioner
1778,tid,Time Stamp,时间
1779,at give tilladelse,Authorization,授权
1780,unormal,Exception,异常
1781,Eksportér til Excel,Export Excel,导出 Excel
1782,Eksport mislykkedes,Export fail,导出失败
1783,Eksport vellykket,Export Success,导出成功
1784,niveau,Level,级别
1785,journal,Logs,日志
1786,niveau,Logs Level,级别
1787,oplysninger,Message,信息
1788,Skabelon,Message Template,模板
1789,attribut,Properties,属性
1790,søg,Search,搜索
1791,可用功能,See all available options,Tilgængeligeunktioner
1792,tid,Time Stamp,时间
1793,at give tilladelse,Authorization,授权
1794,unormal,Exception,异常
1795,Eksportér til Excel,Export Excel,导出 Excel
1796,Eksport mislykkedes,Export fail,导出失败
1797,Eksport vellykket,Export Success,导出成功
1798,niveau,Level,级别
1799,journal,Logs,日志
1800,niveau,Logs Level,级别
1801,oplysninger,Message,信息
1802,Skabelon,Message Template,模板
1803,attribut,Properties,属性
1804,søg,Search,搜索
1805,可用功能,See all available options,Tilgængeligeunktioner
1806,tid,Time Stamp,时间
1807,at give tilladelse,Authorization,授权
1808,unormal,Exception,异常
1809,Eksportér til Excel,Export Excel,导出 Excel
1810,Eksport mislykkedes,Export fail,导出失败
1811,Eksport vellykket,Export Success,导出成功
1812,niveau,Level,级别
1813,journal,Logs,日志
1814,niveau,Logs Level,级别
1815,oplysninger,Message,信息
1816,Skabelon,Message Template,模板
1817,attribut,Properties,属性
1818,søg,Search,搜索
1819,可用功能,See all available options,Tilgængeligeunktioner
1820,tid,Time Stamp,时间
1821,at give tilladelse,Authorization,授权
1822,unormal,Exception,异常
1823,Eksportér til Excel,Export Excel,导出 Excel
1824,Eksport mislykkedes,Export fail,导出失败
1825,Eksport vellykket,Export Success,导出成功
1826,niveau,Level,级别
1827,journal,Logs,日志
1828,niveau,Logs Level,级别
1829,oplysninger,Message,信息
1830,Skabelon,Message Template,模板
1831,attribut,Properties,属性
1832,søg,Search,搜索
1833,可用功能,See all available options,Tilgængeligeunktioner
1834,tid,Time Stamp,时间
1835,at give tilladelse,Authorization,授权
1836,unormal,Exception,异常
1837,Eksportér til Excel,Export Excel,导出 Excel
1838,Eksport mislykkedes,Export fail,导出失败
1839,Eksport vellykket,Export Success,导出成功
1840,niveau,Level,级别
1841,journal,Logs,日志
1842,niveau,Logs Level,级别
1843,oplysninger,Message,信息
1844,Skabelon,Message Template,模板
1845,attribut,Properties,属性
1846,søg,Search,搜索
1847,可用功能,See all available options,Tilgængeligeunktioner
1848,tid,Time Stamp,时间
1849,at give tilladelse,Authorization,授权
1850,unormal,Exception,异常
1851,Eksportér til Excel,Export Excel,导出 Excel
1852,Eksport mislykkedes,Export fail,导出失败
1853,Eksport vellykket,Export Success,导出成功
1854,niveau,Level,级别
1855,journal,Logs,日志
1856,niveau,Logs Level,级别
1857,oplysninger,Message,信息
1858,Skabelon,Message Template,模板
1859,attribut,Properties,属性
1860,søg,Search,搜索
1861,可用功能,See all available options,Tilgængeligeunktioner
1862,tid,Time Stamp,时间
1863,at give tilladelse,Authorization,授权
1864,unormal,Exception,异常
1865,Eksportér til Excel,Export Excel,导出 Excel
1866,Eksport mislykkedes,Export fail,导出失败
1867,Eksport vellykket,Export Success,导出成功
1868,niveau,Level,级别
1869,journal,Logs,日志
1870,niveau,Logs Level,级别
1871,oplysninger,Message,信息
1872,Skabelon,Message Template,模板
1873,attribut,Properties,属性
1874,søg,Search,搜索
1875,可用功能,See all available options,Tilgængeligeunktioner
1876,tid,Time Stamp,时间
1877,at give tilladelse,Authorization,授权
1878,unormal,Exception,异常
1879,Eksportér til Excel,Export Excel,导出 Excel
1880,Eksport mislykkedes,Export fail,导出失败
1881,Eksport vellykket,Export Success,导出成功
1882,niveau,Level,级别
1883,journal,Logs,日志
1884,niveau,Logs Level,级别
1885,oplysninger,Message,信息
1886,Skabelon,Message Template,模板
1887,attribut,Properties,属性
1888,søg,Search,搜索
1889,可用功能,See all available options,Tilgængeligeunktioner
1890,tid,Time Stamp,时间
1891,at give tilladelse,Authorization,授权
1892,unormal,Exception,异常
1893,Eksportér til Excel,Export Excel,导出 Excel
1894,Eksport mislykkedes,Export fail,导出失败
1895,Eksport vellykket,Export Success,导出成功
1896,niveau,Level,级别
1897,journal,Logs,日志
1898,niveau,Logs Level,级别
1899,oplysninger,Message,信息
1900,Skabelon,Message Template,模板
1901,attribut,Properties,属性
1902,søg,Search,搜索
1903,可用功能,See all available options,Tilgængeligeunktioner
1904,tid,Time Stamp,时间
1905,at give tilladelse,Authorization,授权
1906,unormal,Exception,异常
1907,Eksportér til Excel,Export Excel,导出 Excel
1908,Eksport mislykkedes,Export fail,导出失败
1909,Eksport vellykket,Export Success,导出成功
1910,niveau,Level,级别
1911,journal,Logs,日志
1912,niveau,Logs Level,级别
1913,oplysninger,Message,信息
1914,Skabelon,Message Template,模板
1915,attribut,Properties,属性
1916,søg,Search,搜索
1917,可用功能,See all available options,Tilgængeligeunktioner
1918,tid,Time Stamp,时间
1919,at give tilladelse,Authorization,授权
1920,unormal,Exception,异常
1921,Eksportér til Excel,Export Excel,导出 Excel
1922,Eksport mislykkedes,Export fail,导出失败
1923,Eksport vellykket,Export Success,导出成功
1924,niveau,Level,级别
1925,journal,Logs,日志
1926,niveau,Logs Level,级别
1927,oplysninger,Message,信息
1928,Skabelon,Message Template,模板
1929,attribut,Properties,属性
1930,søg,Search,搜索
1931,可用功能,See all available options,Tilgængeligeunktioner
1932,tid,Time Stamp,时间
1933,at give tilladelse,Authorization,授权
1934,unormal,Exception,异常
1935,Eksportér til Excel,Export Excel,导出 Excel
1936,Eksport mislykkedes,Export fail,导出失败
1937,Eksport vellykket,Export Success,导出成功
1938,niveau,Level,级别
1939,journal,Logs,日志
1940,niveau,Logs Level,级别
1941,oplysninger,Message,信息
1942,Skabelon,Message Template,模板
1943,attribut,Properties,属性
1944,søg,Search,搜索
1945,可用功能,See all available options,Tilgængeligeunktioner
1946,tid,Time Stamp,时间
1947,at give tilladelse,Authorization,授权
1948,unormal,Exception,异常
1949,Eksportér til Excel,Export Excel,导出 Excel
1950,Eksport mislykkedes,Export fail,导出失败
1951,Eksport vellykket,Export Success,导出成功
1952,niveau,Level,级别
1953,journal,Logs,日志
1954,niveau,Logs Level,级别
1955,oplysninger,Message,信息
1956,Skabelon,Message Template,模板
1957,attribut,Properties,属性
1958,søg,Search,搜索
1959,可用功能,See all available options,Tilgængeligeunktioner
1960,tid,Time Stamp,时间
1961,at give tilladelse,Authorization,授权
1962,unormal,Exception,异常
1963,Eksportér til Excel,Export Excel,导出 Excel
1964,Eksport mislykkedes,Export fail,导出失败
1965,Eksport vellykket,Export Success,导出成功
1966,niveau,Level,级别
1967,journal,Logs,日志
1968,niveau,Logs Level,级别
1969,oplysninger,Message,信息
1970,Skabelon,Message Template,模板
1971,attribut,Properties,属性
1972,søg,Search,搜索
1973,可用功能,See all available options,Tilgængeligeunktioner
1974,tid,Time Stamp,时间
1975,at give tilladelse,Authorization,授权
1976,unormal,Exception,异常
1977,Eksportér til Excel,Export Excel,导出 Excel
1978,Eksport mislykkedes,Export fail,导出失败
1979,Eksport vellykket,Export Success,导出成功
1980,niveau,Level,级别
1981,journal,Logs,日志
1982,niveau,Logs Level,级别
1983,oplysninger,Message,信息
1984,Skabelon,Message Template,模板
1985,attribut,Properties,属性
1986,søg,Search,搜索
1987,可用功能,See all available options,Tilgængeligeunktioner
1988,tid,Time Stamp,时间
1989,at give tilladelse,Authorization,授权
1990,unormal,Exception,异常
1991,Eksportér til Excel,Export Excel,导出 Excel
1992,Eksport mislykkedes,Export fail,导出失败
1993,Eksport vellykket,Export Success,导出成功
1994,niveau,Level,级别
1995,journal,Logs,日志
1996,niveau,Logs Level,级别
1997,oplysninger,Message,信息
1998,Skabelon,Message Template,模板
1999,attribut,Properties,属性
2000,søg,Search,搜索
2001,可用功能,See all available options,Tilgængeligeunktioner
2002,tid,Time Stamp,时间
2003,at give tilladelse,Authorization,授权
2004,unormal,Exception,异常
2005,Eksportér til Excel,Export Excel,导出 Excel
2006,Eksport mislykkedes,Export fail,导出失败
2007,Eksport vellykket,Export Success,导出成功
2008,niveau,Level,级别
2009,journal,Logs,日志
2010,niveau,Logs Level,级别
2011,oplysninger,Message,信息
2012,Skabelon,Message Template,模板
2013,attribut,Properties,属性
2014,søg,Search,搜索
2015,可用功能,See all available options,Tilgængeligeunktioner
2016,tid,Time Stamp,时间
2017,at give tilladelse,Authorization,授权
2018,unormal,Exception,异常
2019,Eksportér til Excel,Export Excel,导出 Excel
2020,Eksport mislykkedes,Export fail,导出失败
2021,Eksport vellykket,Export Success,导出成功
2022,niveau,Level,级别
2023,journal,Logs,日志
2024,niveau,Logs Level,级别
2025,oplysninger,Message,信息
2026,Skabelon,Message Template,模板
2027,attribut,Properties,属性
2028,søg,Search,搜索
2029,可用功能,See all available options,Tilgængeligeunktioner
2030,tid,Time Stamp,时间
2031,at give tilladelse,Authorization,授权
2032,unormal,Exception,异常
2033,Eksportér til Excel,Export Excel,导出 Excel
2034,Eksport mislykkedes,Export fail,导出失败
2035,Eksport vellykket,Export Success,导出成功
2036,niveau,Level,级别
2037,journal,Logs,日志
2038,niveau,Logs Level,级别
2039,oplysninger,Message,信息
2040,Skabelon,Message Template,模板
2041,attribut,Properties,属性
2042,søg,Search,搜索
2043,可用功能,See all available options,Tilgængeligeunktioner
2044,tid,Time Stamp,时间
2045,at give tilladelse,Authorization,授权
2046,unormal,Exception,异常
2047,Eksportér til Excel,Export Excel,导出 Excel
2048,Eksport mislykkedes,Export fail,导出失败
2049,Eksport vellykket,Export Success,导出成功
2050,niveau,Level,级别
2051,journal,Logs,日志
2052,niveau,Logs Level,级别
2053,oplysninger,Message,信息
2054,Skabelon,Message Template,模板
2055,attribut,Properties,属性
2056,søg,Search,搜索
2057,可用功能,See all available options,Tilgængeligeunktioner
2058,tid,Time Stamp,时间
2059,at give tilladelse,Authorization,授权
2060,unormal,Exception,异常
2061,Eksportér til Excel,Export Excel,导出 Excel
2062,Eksport mislykkedes,Export fail,导出失败
2063,Eksport vellykket,Export Success,导出成功
2064,niveau,Level,级别
2065,journal,Logs,日志
2066,niveau,Logs Level,级别
2067,oplysninger,Message,信息
2068,Skabelon,Message Template,模板
2069,attribut,Properties,属性
2070,søg,Search,搜索
2071,可用功能,See all available options,Tilgængeligeunktioner
2072,tid,Time Stamp,时间
2073,at give tilladelse,Authorization,授权
2074,unormal,Exception,异常
2075,Eksportér til Excel,Export Excel,导出 Excel
2076,Eksport mislykkedes,Export fail,导出失败
2077,Eksport vellykket,Export Success,导出成功
2078,niveau,Level,级别
2079,journal,Logs,日志
2080,niveau,Logs Level,级别
2081,oplysninger,Message,信息
2082,Skabelon,Message Template,模板
2083,attribut,Properties,属性
2084,søg,Search,搜索
2085,可用功能,See all available options,Tilgængeligeunktioner
2086,tid,Time Stamp,时间
2087,at give tilladelse,Authorization,授权
2088,unormal,Exception,异常
2089,Eksportér til Excel,Export Excel,导出 Excel
2090,Eksport mislykkedes,Export fail,导出失败
2091,Eksport vellykket,Export Success,导出成功
2092,niveau,Level,级别
2093,journal,Logs,日志
2094,niveau,Logs Level,级别
2095,oplysninger,Message,信息
2096,Skabelon,Message Template,模板
2097,attribut,Properties,属性
2098,søg,Search,搜索
2099,可用功能,See all available options,Tilgængeligeunktioner
2100,tid,Time Stamp,时间
2101,at give tilladelse,Authorization,授权
2102,unormal,Exception,异常
2103,Eksportér til Excel,Export Excel,导出 Excel
2104,Eksport mislykkedes,Export fail,导出失败
2105,Eksport vellykket,Export Success,导出成功
2106,niveau,Level,级别
2107,journal,Logs,日志
2108,niveau,Logs Level,级别
2109,oplysninger,Message,信息
2110,Skabelon,Message Template,模板
2111,attribut,Properties,属性
2112,søg,Search,搜索
2113,可用功能,See all available options,Tilgængeligeunktioner
2114,tid,Time Stamp,时间
2115,at give tilladelse,Authorization,授权
2116,unormal,Exception,异常
2117,Eksportér til Excel,Export Excel,导出 Excel
2118,Eksport mislykkedes,Export fail,导出失败
2119,Eksport vellykket,Export Success,导出成功
2120,niveau,Level,级别
2121,journal,Logs,日志
2122,niveau,Logs Level,级别
2123,oplysninger,Message,信息
2124,Skabelon,Message Template,模板
2125,attribut,Properties,属性
2126,søg,Search,搜索
2127,可用功能,See all available options,Tilgængeligeunktioner
2128,tid,Time Stamp,时间
2129,at give tilladelse,Authorization,授权
2130,unormal,Exception,异常
2131,Eksportér til Excel,Export Excel,导出 Excel
2132,Eksport mislykkedes,Export fail,导出失败
2133,Eksport vellykket,Export Success,导出成功
2134,niveau,Level,级别
2135,journal,Logs,日志
2136,niveau,Logs Level,级别
2137,oplysninger,Message,信息
2138,Skabelon,Message Template,模板
2139,attribut,Properties,属性
2140,søg,Search,搜索
2141,可用功能,See all available options,Tilgængeligeunktioner
2142,tid,Time Stamp,时间
2143,at give tilladelse,Authorization,授权
2144,unormal,Exception,异常
2145,Eksportér til Excel,Export Excel,导出 Excel
2146,Eksport mislykkedes,Export fail,导出失败
2147,Eksport vellykket,Export Success,导出成功
2148,niveau,Level,级别
2149,journal,Logs,日志
2150,niveau,Logs Level,级别
2151,oplysninger,Message,信息
2152,Skabelon,Message Template,模板
2153,attribut,Properties,属性
2154,søg,Search,搜索
2155,可用功能,See all available options,Tilgængeligeunktioner
2156,tid,Time Stamp,时间
2157,at give tilladelse,Authorization,授权
2158,unormal,Exception,异常
2159,Eksportér til Excel,Export Excel,导出 Excel
2160,Eksport mislykkedes,Export fail,导出失败
2161,Eksport vellykket,Export Success,导出成功
2162,niveau,Level,级别
2163,journal,Logs,日志
2164,niveau,Logs Level,级别
2165,oplysninger,Message,信息
2166,Skabelon,Message Template,模板
2167,attribut,Properties,属性
2168,søg,Search,搜索
2169,可用功能,See all available options,Tilgængeligeunktioner
2170,tid,Time Stamp,时间
2171,at give tilladelse,Authorization,授权
2172,unormal,Exception,异常
2173,Eksportér til Excel,Export Excel,导出 Excel
2174,Eksport mislykkedes,Export fail,导出失败
2175,Eksport vellykket,Export Success,导出成功
2176,niveau,Level,级别
2177,journal,Logs,日志
2178,niveau,Logs Level,级别
2179,oplysninger,Message,信息
2180,Skabelon,Message Template,模板
2181,attribut,Properties,属性
2182,søg,Search,搜索
2183,可用功能,See all available options,Tilgængeligeunktioner
2184,tid,Time Stamp,时间
2185,at give tilladelse,Authorization,授权
2186,unormal,Exception,异常
2187,Eksportér til Excel,Export Excel,导出 Excel
2188,Eksport mislykkedes,Export fail,导出失败
2189,Eksport vellykket,Export Success,导出成功
2190,niveau,Level,级别
2191,journal,Logs,日志
2192,niveau,Logs Level,级别
2193,oplysninger,Message,信息
2194,Skabelon,Message Template,模板
2195,attribut,Properties,属性
2196,søg,Search,搜索
2197,可用功能,See all available options,Tilgængeligeunktioner
2198,tid,Time Stamp,时间
2199,at give tilladelse,Authorization,授权
2200,unormal,Exception,异常
2201,Eksportér til Excel,Export Excel,导出 Excel
2202,Eksport mislykkedes,Export fail,导出失败
2203,Eksport vellykket,Export Success,导出成功
2204,niveau,Level,级别
2205,journal,Logs,日志
2206,niveau,Logs Level,级别
2207,oplysninger,Message,信息
2208,Skabelon,Message Template,模板
2209,attribut,Properties,属性
2210,søg,Search,搜索
2211,可用功能,See all available options,Tilgængeligeunktioner
2212,tid,Time Stamp,时间
2213,at give tilladelse,Authorization,授权
2214,unormal,Exception,异常
2215,Eksportér til Excel,Export Excel,导出 Excel
2216,Eksport mislykkedes,Export fail,导出失败
2217,Eksport vellykket,Export Success,导出成功
2218,niveau,Level,级别
2219,journal,Logs,日志
2220,niveau,Logs Level,级别
2221,oplysninger,Message,信息
2222,Skabelon,Message Template,模板
2223,attribut,Properties,属性
2224,søg,Search,搜索
2225,可用功能,See all available options,Tilgængeligeunktioner
2226,tid,Time Stamp,时间
2227,at give tilladelse,Authorization,授权
2228,unormal,Exception,异常
2229,Eksportér til Excel,Export Excel,导出 Excel
2230,Eksport mislykkedes,Export fail,导出失败
2231,Eksport vellykket,Export Success,导出成功
2232,niveau,Level,级别
2233,journal,Logs,日志
2234,niveau,Logs Level,级别
2235,oplysninger,Message,信息
2236,Skabelon,Message Template,模板
2237,attribut,Properties,属性
2238,søg,Search,搜索
2239,可用功能,See all available options,Tilgængeligeunktioner
2240,tid,Time Stamp,时间
2241,at give tilladelse,Authorization,授权
2242,unormal,Exception,异常
2243,Eksportér til Excel,Export Excel,导出 Excel
2244,Eksport mislykkedes,Export fail,导出失败
2245,Eksport vellykket,Export Success,导出成功
2246,niveau,Level,级别
2247,journal,Logs,日志
2248,niveau,Logs Level,级别
2249,oplysninger,Message,信息
2250,Skabelon,Message Template,模板
2251,attribut,Properties,属性
2252,søg,Search,搜索
2253,可用功能,See all available options,Tilgængeligeunktioner
2254,tid,Time Stamp,时间
2255,at give tilladelse,Authorization,授权
2256,unormal,Exception,异常
2257,Eksportér til Excel,Export Excel,导出 Excel
2258,Eksport mislykkedes,Export fail,导出失败
2259,Eksport vellykket,Export Success,导出成功
2260,niveau,Level,级别
2261,journal,Logs,日志
2262,niveau,Logs Level,级别
2263,oplysninger,Message,信息
2264,Skabelon,Message Template,模板
2265,attribut,Properties,属性
2266,søg,Search,搜索
2267,可用功能,See all available options,Tilgængeligeunktioner
2268,tid,Time Stamp,时间
2269,at give tilladelse,Authorization,授权
2270,unormal,Exception,异常
2271,Eksportér til Excel,Export Excel,导出 Excel
2272,Eksport mislykkedes,Export fail,导出失败
2273,Eksport vellykket,Export Success,导出成功
2274,niveau,Level,级别
2275,journal,Logs,日志
2276,niveau,Logs Level,级别
2277,oplysninger,Message,信息
2278,Skabelon,Message Template,模板
2279,attribut,Properties,属性
2280,søg,Search,搜索
2281,可用功能,See all available options,Tilgængeligeunktioner
2282,tid,Time Stamp,时间
2283,at give tilladelse,Authorization,授权
2284,unormal,Exception,异常
2285,Eksportér til Excel,Export Excel,导出 Excel
2286,Eksport mislykkedes,Export fail,导出失败
2287,Eksport vellykket,Export Success,导出成功
2288,niveau,Level,级别
2289,journal,Logs,日志
2290,niveau,Logs Level,级别
2291,oplysninger,Message,信息
2292,Skabelon,Message Template,模板
2293,attribut,Properties,属性
2294,søg,Search,搜索
2295,可用功能,See all available options,Tilgængeligeunktioner
2296,tid,Time Stamp,时间
2297,at give tilladelse,Authorization,授权
2298,unormal,Exception,异常
2299,Eksportér til Excel,Export Excel,导出 Excel
2300,Eksport mislykkedes,Export fail,导出失败
2301,Eksport vellykket,Export Success,导出成功
2302,niveau,Level,级别
2303,journal,Logs,日志
2304,niveau,Logs Level,级别
2305,oplysninger,Message,信息
2306,Skabelon,Message Template,模板
2307,attribut,Properties,属性
2308,søg,Search,搜索
2309,可用功能,See all available options,Tilgængeligeunktioner
2310,tid,Time Stamp,时间
2311,at give tilladelse,Authorization,授权
2312,unormal,Exception,异常
2313,Eksportér til Excel,Export Excel,导出 Excel
2314,Eksport mislykkedes,Export fail,导出失败
2315,Eksport vellykket,Export Success,导出成功
2316,niveau,Level,级别
2317,journal,Logs,日志
2318,niveau,Logs Level,级别
2319,oplysninger,Message,信息
2320,Skabelon,Message Template,模板
2321,attribut,Properties,属性
2322,søg,Search,搜索
2323,可用功能,See all available options,Tilgængeligeunktioner
2324,tid,Time Stamp,时间
2325,at give tilladelse,Authorization,授权
2326,unormal,Exception,异常
2327,Eksportér til Excel,Export Excel,导出 Excel
2328,Eksport mislykkedes,Export fail,导出失败
2329,Eksport vellykket,Export Success,导出成功
2330,niveau,Level,级别
2331,journal,Logs,日志
2332,niveau,Logs Level,级别
2333,oplysninger,Message,信息
2334,Skabelon,Message Template,模板
2335,attribut,Properties,属性
2336,søg,Search,搜索
2337,可用功能,See all available options,Tilgængeligeunktioner
2338,tid,Time Stamp,时间
2339,at give tilladelse,Authorization,授权
2340,unormal,Exception,异常
2341,Eksportér til Excel,Export Excel,导出 Excel
2342,Eksport mislykkedes,Export fail,导出失败
2343,Eksport vellykket,Export Success,导出成功
2344,niveau,Level,级别
2345,journal,Logs,日志
2346,niveau,Logs Level,级别
2347,oplysninger,Message,信息
2348,Skabelon,Message Template,模板
2349,attribut,Properties,属性
2350,søg,Search,搜索
2351,可用功能,See all available options,Tilgængeligeunktioner
2352,tid,Time Stamp,时间
2353,at give tilladelse,Authorization,授权
2354,unormal,Exception,异常
2355,Eksportér til Excel,Export Excel,导出 Excel
2356,Eksport mislykkedes,Export fail,导出失败
2357,Eksport vellykket,Export Success,导出成功
2358,niveau,Level,级别
2359,journal,Logs,日志
2360,niveau,Logs Level,级别
2361,oplysninger,Message,信息
2362,Skabelon,Message Template,模板
2363,attribut,Properties,属性
2364,søg,Search,搜索
2365,可用功能,See all available options,Tilgængeligeunktioner
2366,tid,Time Stamp,时间
2367,at give tilladelse,Authorization,授权
2368,unormal,Exception,异常
2369,Eksportér til Excel,Export Excel,导出 Excel
2370,Eksport mislykkedes,Export fail,导出失败
2371,Eksport vellykket,Export Success,导出成功
2372,niveau,Level,级别
2373,journal,Logs,日志
2374,niveau,Logs Level,级别
2375,oplysninger,Message,信息
2376,Skabelon,Message Template,模板
2377,attribut,Properties,属性
2378,søg,Search,搜索
2379,可用功能,See all available options,Tilgængeligeunktioner
2380,tid,Time Stamp,时间
2381,at give tilladelse,Authorization,授权
2382,unormal,Exception,异常
2383,Eksportér til Excel,Export Excel,导出 Excel
2384,Eksport mislykkedes,Export fail,导出失败
2385,Eksport vellykket,Export Success,导出成功
2386,niveau,Level,级别
2387,journal,Logs,日志
2388,niveau,Logs Level,级别
2389,oplysninger,Message,信息
2390,Skabelon,Message Template,模板
2391,attribut,Properties,属性
2392,søg,Search,搜索
2393,可用功能,See all available options,Tilgængeligeunktioner
2394,tid,Time Stamp,时间
2395,at give tilladelse,Authorization,授权
2396,unormal,Exception,异常
2397,Eksportér til Excel,Export Excel,导出 Excel
2398,Eksport mislykkedes,Export fail,导出失败
2399,Eksport vellykket,Export Success,导出成功
2400,niveau,Level,级别
2401,journal,Logs,日志
2402,niveau,Logs Level,级别
2403,oplysninger,Message,信息
2404,Skabelon,Message Template,模板
2405,attribut,Properties,属性
2406,søg,Search,搜索
2407,可用功能,See all available options,Tilgængeligeunktioner
2408,tid,Time Stamp,时间
2409,at give tilladelse,Authorization,授权
2410,unormal,Exception,异常
2411,Eksportér til Excel,Export Excel,导出 Excel
2412,Eksport mislykkedes,Export fail,导出失败
2413,Eksport vellykket,Export Success,导出成功
2414,niveau,Level,级别
2415,journal,Logs,日志
2416,niveau,Logs Level,级别
2417,oplysninger,Message,信息
2418,Skabelon,Message Template,模板
2419,attribut,Properties,属性
2420,søg,Search,搜索
2421,可用功能,See all available options,Tilgængeligeunktioner
2422,tid,Time Stamp,时间
2423,at give tilladelse,Authorization,授权
2424,unormal,Exception,异常
2425,Eksportér til Excel,Export Excel,导出 Excel
2426,Eksport mislykkedes,Export fail,导出失败
2427,Eksport vellykket,Export Success,导出成功
2428,niveau,Level,级别
2429,journal,Logs,日志
2430,niveau,Logs Level,级别
2431,oplysninger,Message,信息
2432,Skabelon,Message Template,模板
2433,attribut,Properties,属性
2434,søg,Search,搜索
2435,可用功能,See all available options,Tilgængeligeunktioner
2436,tid,Time Stamp,时间
2437,at give tilladelse,Authorization,授权
2438,unormal,Exception,异常
2439,Eksportér til Excel,Export Excel,导出 Excel
2440,Eksport mislykkedes,Export fail,导出失败
2441,Eksport vellykket,Export Success,导出成功
2442,niveau,Level,级别
2443,journal,Logs,日志
2444,niveau,Logs Level,级别
2445,oplysninger,Message,信息
2446,Skabelon,Message Template,模板
2447,attribut,Properties,属性
2448,søg,Search,搜索
2449,可用功能,See all available options,Tilgængeligeunktioner
2450,tid,Time Stamp,时间
2451,at give tilladelse,Authorization,授权
2452,unormal,Exception,异常
2453,Eksportér til Excel,Export Excel,导出 Excel
2454,Eksport mislykkedes,Export fail,导出失败
2455,Eksport vellykket,Export Success,导出成功
2456,niveau,Level,级别
2457,journal,Logs,日志
2458,niveau,Logs Level,级别
2459,oplysninger,Message,信息
2460,Skabelon,Message Template,模板
2461,attribut,Properties,属性
2462,søg,Search,搜索
2463,可用功能,See all available options,Tilgængeligeunktioner
2464,tid,Time Stamp,时间
2465,at give tilladelse,Authorization,授权
2466,unormal,Exception,异常
2467,Eksportér til Excel,Export Excel,导出 Excel
2468,Eksport mislykkedes,Export fail,导出失败
2469,Eksport vellykket,Export Success,导出成功
2470,niveau,Level,级别
2471,journal,Logs,日志
2472,niveau,Logs Level,级别
2473,oplysninger,Message,信息
2474,Skabelon,Message Template,模板
2475,attribut,Properties,属性
2476,søg,Search,搜索
2477,可用功能,See all available options,Tilgængeligeunktioner
2478,tid,Time Stamp,时间
2479,at give tilladelse,Authorization,授权
2480,unormal,Exception,异常
2481,Eksportér til Excel,Export Excel,导出 Excel
2482,Eksport mislykkedes,Export fail,导出失败
2483,Eksport vellykket,Export Success,导出成功
2484,niveau,Level,级别
2485,journal,Logs,日志
2486,niveau,Logs Level,级别
2487,oplysninger,Message,信息
2488,Skabelon,Message Template,模板
2489,attribut,Properties,属性
2490,søg,Search,搜索
2491,可用功能,See all available options,Tilgængeligeunktioner
2492,tid,Time Stamp,时间
2493,at give tilladelse,Authorization,授权
2494,unormal,Exception,异常
2495,Eksportér til Excel,Export Excel,导出 Excel
2496,Eksport mislykkedes,Export fail,导出失败
2497,Eksport vellykket,Export Success,导出成功
2498,niveau,Level,级别
2499,journal,Logs,日志
2500,niveau,Logs Level,级别
2501,oplysninger,Message,信息
2502,Skabelon,Message Template,模板
2503,attribut,Properties,属性
2504,søg,Search,搜索
2505,可用功能,See all available options,Tilgængeligeunktioner
2506,tid,Time Stamp,时间
2507,at give tilladelse,Authorization,授权
2508,unormal,Exception,异常
2509,Eksportér til Excel,Export Excel,导出 Excel
2510,Eksport mislykkedes,Export fail,导出失败
2511,Eksport vellykket,Export Success,导出成功
2512,niveau,Level,级别
2513,journal,Logs,日志
2514,niveau,Logs Level,级别
2515,oplysninger,Message,信息
2516,Skabelon,Message Template,模板
2517,attribut,Properties,属性
2518,søg,Search,搜索
2519,可用功能,See all available options,Tilgængeligeunktioner
2520,tid,Time Stamp,时间
2521,at give tilladelse,Authorization,授权
2522,unormal,Exception,异常
2523,Eksportér til Excel,Export Excel,导出 Excel
2524,Eksport mislykkedes,Export fail,导出失败
2525,Eksport vellykket,Export Success,导出成功
2526,niveau,Level,级别
2527,journal,Logs,日志
2528,niveau,Logs Level,级别
2529,oplysninger,Message,信息
2530,Skabelon,Message Template,模板
2531,attribut,Properties,属性
2532,søg,Search,搜索
2533,可用功能,See all available options,Tilgængeligeunktioner
2534,tid,Time Stamp,时间
2535,at give tilladelse,Authorization,授权
2536,unormal,Exception,异常
2537,Eksportér til Excel,Export Excel,导出 Excel
2538,Eksport mislykkedes,Export fail,导出失败
2539,Eksport vellykket,Export Success,导出成功
2540,niveau,Level,级别
2541,journal,Logs,日志
2542,niveau,Logs Level,级别
2543,oplysninger,Message,信息
2544,Skabelon,Message Template,模板
2545,attribut,Properties,属性
2546,søg,Search,搜索
2547,可用功能,See all available options,Tilgængeligeunktioner
2548,tid,Time Stamp,时间
2549,at give tilladelse,Authorization,授权
2550,unormal,Exception,异常
2551,Eksportér til Excel,Export Excel,导出 Excel
2552,Eksport mislykkedes,Export fail,导出失败
2553,Eksport vellykket,Export Success,导出成功
2554,niveau,Level,级别
2555,journal,Logs,日志
2556,niveau,Logs Level,级别
2557,oplysninger,Message,信息
2558,Skabelon,Message Template,模板
2559,attribut,Properties,属性
2560,søg,Search,搜索
2561,可用功能,See all available options,Tilgængeligeunktioner
2562,tid,Time Stamp,时间
2563,at give tilladelse,Authorization,授权
2564,unormal,Exception,异常
2565,Eksportér til Excel,Export Excel,导出 Excel
2566,Eksport mislykkedes,Export fail,导出失败
2567,Eksport vellykket,Export Success,导出成功
2568,niveau,Level,级别
2569,journal,Logs,日志
2570,niveau,Logs Level,级别
2571,oplysninger,Message,信息
2572,Skabelon,Message Template,模板
2573,attribut,Properties,属性
2574,søg,Search,搜索
2575,可用功能,See all available options,Tilgængeligeunktioner
2576,tid,Time Stamp,时间
2577,at give tilladelse,Authorization,授权
2578,unormal,Exception,异常
2579,Eksportér til Excel,Export Excel,导出 Excel
2580,Eksport mislykkedes,Export fail,导出失败
2581,Eksport vellykket,Export Success,导出成功
2582,niveau,Level,级别
2583,journal,Logs,日志
2584,niveau,Logs Level,级别
2585,oplysninger,Message,信息
2586,Skabelon,Message Template,模板
2587,attribut,Properties,属性
2588,søg,Search,搜索
2589,可用功能,See all available options,Tilgængeligeunktioner
2590,tid,Time Stamp,时间
2591,at give tilladelse,Authorization,授权
2592,unormal,Exception,异常
2593,Eksportér til Excel,Export Excel,导出 Excel
2594,Eksport mislykkedes,Export fail,导出失败
2595,Eksport vellykket,Export Success,导出成功
2596,niveau,Level,级别
2597,journal,Logs,日志
2598,niveau,Logs Level,级别
2599,oplysninger,Message,信息
2600,Skabelon,Message Template,模板
2601,attribut,Properties,属性
2602,søg,Search,搜索
2603,可用功能,See all available options,Tilgængeligeunktioner
2604,tid,Time Stamp,时间
2605,at give tilladelse,Authorization,授权
2606,unormal,Exception,异常
2607,Eksportér til Excel,Export Excel,导出 Excel
2608,Eksport mislykkedes,Export fail,导出失败
2609,Eksport vellykket,Export Success,导出成功
2610,niveau,Level,级别
2611,journal,Logs,日志
2612,niveau,Logs Level,级别
2613,oplysninger,Message,信息
2614,Skabelon,Message Template,模板
2615,attribut,Properties,属性
2616,søg,Search,搜索
2617,可用功能,See all available options,Tilgængeligeunktioner
2618,tid,Time Stamp,时间
2619,at give tilladelse,Authorization,授权
2620,unormal,Exception,异常
2621,Eksportér til Excel,Export Excel,导出 Excel
2622,Eksport mislykkedes,Export fail,导出失败
2623,Eksport vellykket,Export Success,导出成功
2624,niveau,Level,级别
2625,journal,Logs,日志
2626,niveau,Logs Level,级别
2627,oplysninger,Message,信息
2628,Skabelon,Message Template,模板
2629,attribut,Properties,属性
2630,søg,Search,搜索
2631,可用功能,See all available options,Tilgængeligeunktioner
2632,tid,Time Stamp,时间
2633,at give tilladelse,Authorization,授权
2634,unormal,Exception,异常
2635,Eksportér til Excel,Export Excel,导出 Excel
2636,Eksport mislykkedes,Export fail,导出失败
2637,Eksport vellykket,Export Success,导出成功
2638,niveau,Level,级别
2639,journal,Logs,日志
2640,niveau,Logs Level,级别
2641,oplysninger,Message,信息
2642,Skabelon,Message Template,模板
2643,attribut,Properties,属性
2644,søg,Search,搜索
2645,可用功能,See all available options,Tilgængeligeunktioner
2646,tid,Time Stamp,时间
2647,at give tilladelse,Authorization,授权
2648,unormal,Exception,异常
2649,Eksportér til Excel,Export Excel,导出 Excel
2650,Eksport mislykkedes,Export fail,导出失败
2651,Eksport vellykket,Export Success,导出成功
2652,niveau,Level,级别
2653,journal,Logs,日志
2654,niveau,Logs Level,级别
2655,oplysninger,Message,信息
2656,Skabelon,Message Template,模板
2657,attribut,Properties,属性
2658,søg,Search,搜索
2659,可用功能,See all available options,Tilgængeligeunktioner
2660,tid,Time Stamp,时间
2661,at give tilladelse,Authorization,授权
2662,unormal,Exception,异常
2663,Eksportér til Excel,Export Excel,导出 Excel
2664,Eksport mislykkedes,Export fail,导出失败
2665,Eksport vellykket,Export Success,导出成功
2666,niveau,Level,级别
2667,journal,Logs,日志
2668,niveau,Logs Level,级别
2669,oplysninger,Message,信息
2670,Skabelon,Message Template,模板
2671,attribut,Properties,属性
2672,søg,Search,搜索
2673,可用功能,See all available options,Tilgængeligeunktioner
2674,tid,Time Stamp,时间
2675,at give tilladelse,Authorization,授权
2676,unormal,Exception,异常
2677,Eksportér til Excel,Export Excel,导出 Excel
2678,Eksport mislykkedes,Export fail,导出失败
2679,Eksport vellykket,Export Success,导出成功
2680,niveau,Level,级别
2681,journal,Logs,日志
2682,niveau,Logs Level,级别
2683,oplysninger,Message,信息
2684,Skabelon,Message Template,模板
2685,attribut,Properties,属性
2686,søg,Search,搜索
2687,可用功能,See all available options,Tilgængeligeunktioner
2688,tid,Time Stamp,时间
2689,at give tilladelse,Authorization,授权
2690,unormal,Exception,异常
2691,Eksportér til Excel,Export Excel,导出 Excel
2692,Eksport mislykkedes,Export fail,导出失败
2693,Eksport vellykket,Export Success,导出成功
2694,niveau,Level,级别
2695,journal,Logs,日志
2696,niveau,Logs Level,级别
2697,oplysninger,Message,信息
2698,Skabelon,Message Template,模板
2699,attribut,Properties,属性
2700,søg,Search,搜索
2701,可用功能,See all available options,Tilgængeligeunktioner
2702,tid,Time Stamp,时间
2703,at give tilladelse,Authorization,授权
2704,unormal,Exception,异常
2705,Eksportér til Excel,Export Excel,导出 Excel
2706,Eksport mislykkedes,Export fail,导出失败
2707,Eksport vellykket,Export Success,导出成功
2708,niveau,Level,级别
2709,journal,Logs,日志
2710,niveau,Logs Level,级别
2711,oplysninger,Message,信息
2712,Skabelon,Message Template,模板
2713,attribut,Properties,属性
2714,søg,Search,搜索
2715,可用功能,See all available options,Tilgængeligeunktioner
2716,tid,Time Stamp,时间
2717,at give tilladelse,Authorization,授权
2718,unormal,Exception,异常
2719,Eksportér til Excel,Export Excel,导出 Excel
2720,Eksport mislykkedes,Export fail,导出失败
2721,Eksport vellykket,Export Success,导出成功
2722,niveau,Level,级别
2723,journal,Logs,日志
2724,niveau,Logs Level,级别
2725,oplysninger,Message,信息
2726,Skabelon,Message Template,模板
2727,attribut,Properties,属性
2728,søg,Search,搜索
2729,可用功能,See all available options,Tilgængeligeunktioner
2730,tid,Time Stamp,时间
2731,at give tilladelse,Authorization,授权
2732,unormal,Exception,异常
2733,Eksportér til Excel,Export Excel,导出 Excel
2734,Eksport mislykkedes,Export fail,导出失败
2735,Eksport vellykket,Export Success,导出成功
2736,niveau,Level,级别
2737,journal,Logs,日志
2738,niveau,Logs Level,级别
2739,oplysninger,Message,信息
2740,Skabelon,Message Template,模板
2741,attribut,Properties,属性
2742,søg,Search,搜索
2743,可用功能,See all available options,Tilgængeligeunktioner
2744,tid,Time Stamp,时间
2745,at give tilladelse,Authorization,授权
2746,unormal,Exception,异常
2747,Eksportér til Excel,Export Excel,导出 Excel
2748,Eksport mislykkedes,Export fail,导出失败
2749,Eksport vellykket,Export Success,导出成功
2750,niveau,Level,级别
2751,journal,Logs,日志
2752,niveau,Logs Level,级别
2753,oplysninger,Message,信息
2754,Skabelon,Message Template,模板
2755,attribut,Properties,属性
2756,søg,Search,搜索
2757,可用功能,See all available options,Tilgængeligeunktioner
2758,tid,Time Stamp,时间
2759,at give tilladelse,Authorization,授权
2760,unormal,Exception,异常
2761,Eksportér til Excel,Export Excel,导出 Excel
2762,Eksport mislykkedes,Export fail,导出失败
2763,Eksport vellykket,Export Success,导出成功
2764,niveau,Level,级别
2765,journal,Logs,日志
2766,niveau,Logs Level,级别
2767,oplysninger,Message,信息
2768,Skabelon,Message Template,模板
2769,attribut,Properties,属性
2770,søg,Search,搜索
2771,可用功能,See all available options,Tilgængeligeunktioner
2772,tid,Time Stamp,时间
2773,at give tilladelse,Authorization,授权
2774,unormal,Exception,异常
2775,Eksportér til Excel,Export Excel,导出 Excel
2776,Eksport mislykkedes,Export fail,导出失败
2777,Eksport vellykket,Export Success,导出成功
2778,niveau,Level,级别
2779,journal,Logs,日志
2780,niveau,Logs Level,级别
2781,oplysninger,Message,信息
2782,Skabelon,Message Template,模板
2783,attribut,Properties,属性
2784,søg,Search,搜索
2785,可用功能,See all available options,Tilgængeligeunktioner
2786,tid,Time Stamp,时间
2787,at give tilladelse,Authorization,授权
2788,unormal,Exception,异常
2789,Eksportér til Excel,Export Excel,导出 Excel
2790,Eksport mislykkedes,Export fail,导出失败
2791,Eksport vellykket,Export Success,导出成功
2792,niveau,Level,级别
2793,journal,Logs,日志
2794,niveau,Logs Level,级别
2795,oplysninger,Message,信息
2796,Skabelon,Message Template,模板
2797,attribut,Properties,属性
2798,søg,Search,搜索
2799,可用功能,See all available options,Tilgængeligeunktioner
2800,tid,Time Stamp,时间
2801,at give tilladelse,Authorization,授权
2802,unormal,Exception,异常
2803,Eksportér til Excel,Export Excel,导出 Excel
2804,Eksport mislykkedes,Export fail,导出失败
2805,Eksport vellykket,Export Success,导出成功
2806,niveau,Level,级别
2807,journal,Logs,日志
2808,niveau,Logs Level,级别
2809,oplysninger,Message,信息
2810,Skabelon,Message Template,模板
2811,attribut,Properties,属性
2812,søg,Search,搜索
2813,可用功能,See all available options,Tilgængeligeunktioner
2814,tid,Time Stamp,时间
2815,at give tilladelse,Authorization,授权
2816,unormal,Exception,异常
2817,Eksportér til Excel,Export Excel,导出 Excel
2818,Eksport mislykkedes,Export fail,导出失败
2819,Eksport vellykket,Export Success,导出成功
2820,niveau,Level,级别
2821,journal,Logs,日志
2822,niveau,Logs Level,级别
2823,oplysninger,Message,信息
2824,Skabelon,Message Template,模板
2825,attribut,Properties,属性
2826,søg,Search,搜索
2827,可用功能,See all available options,Tilgængeligeunktioner
2828,tid,Time Stamp,时间
2829,at give tilladelse,Authorization,授权
2830,unormal,Exception,异常
2831,Eksportér til Excel,Export Excel,导出 Excel
2832,Eksport mislykkedes,Export fail,导出失败
2833,Eksport vellykket,Export Success,导出成功
2834,niveau,Level,级别
2835,journal,Logs,日志
2836,niveau,Logs Level,级别
2837,oplysninger,Message,信息
2838,Skabelon,Message Template,模板
2839,attribut,Properties,属性
2840,søg,Search,搜索
2841,可用功能,See all available options,Tilgængeligeunktioner
2842,tid,Time Stamp,时间
2843,at give tilladelse,Authorization,授权
2844,unormal,Exception,异常
2845,Eksportér til Excel,Export Excel,导出 Excel
2846,Eksport mislykkedes,Export fail,导出失败
2847,Eksport vellykket,Export Success,导出成功
2848,niveau,Level,级别
2849,journal,Logs,日志
2850,niveau,Logs Level,级别
2851,oplysninger,Message,信息
2852,Skabelon,Message Template,模板
2853,attribut,Properties,属性
2854,søg,Search,搜索
2855,可用功能,See all available options,Tilgængeligeunktioner
2856,tid,Time Stamp,时间
2857,at give tilladelse,Authorization,授权
2858,unormal,Exception,异常
2859,Eksportér til Excel,Export Excel,导出 Excel
2860,Eksport mislykkedes,Export fail,导出失败
2861,Eksport vellykket,Export Success,导出成功
2862,niveau,Level,级别
2863,journal,Logs,日志
2864,niveau,Logs Level,级别
2865,oplysninger,Message,信息
2866,Skabelon,Message Template,模板
2867,attribut,Properties,属性
2868,søg,Search,搜索
2869,可用功能,See all available options,Tilgængeligeunktioner
2870,tid,Time Stamp,时间
2871,at give tilladelse,Authorization,授权
2872,unormal,Exception,异常
2873,Eksportér til Excel,Export Excel,导出 Excel
2874,Eksport mislykkedes,Export fail,导出失败
2875,Eksport vellykket,Export Success,导出成功
2876,niveau,Level,级别
2877,journal,Logs,日志
2878,niveau,Logs Level,级别
2879,oplysninger,Message,信息
2880,Skabelon,Message Template,模板
2881,attribut,Properties,属性
2882,søg,Search,搜索
2883,可用功能,See all available options,Tilgængeligeunktioner
2884,tid,Time Stamp,时间
2885,at give tilladelse,Authorization,授权
2886,unormal,Exception,异常
2887,Eksportér til Excel,Export Excel,导出 Excel
2888,Eksport mislykkedes,Export fail,导出失败
2889,Eksport vellykket,Export Success,导出成功
2890,niveau,Level,级别
2891,journal,Logs,日志
2892,niveau,Logs Level,级别
2893,oplysninger,Message,信息
2894,Skabelon,Message Template,模板
2895,attribut,Properties,属性
2896,søg,Search,搜索
2897,可用功能,See all available options,Tilgængeligeunktioner
2898,tid,Time Stamp,时间
2899,at give tilladelse,Authorization,授权
2900,unormal,Exception,异常
2901,Eksportér til Excel,Export Excel,导出 Excel
2902,Eksport mislykkedes,Export fail,导出失败
2903,Eksport vellykket,Export Success,导出成功
2904,niveau,Level,级别
2905,journal,Logs,日志
2906,niveau,Logs Level,级别
2907,oplysninger,Message,信息
2908,Skabelon,Message Template,模板
2909,attribut,Properties,属性
2910,søg,Search,搜索
2911,可用功能,See all available options,Tilgængeligeunktioner
2912,tid,Time Stamp,时间
2913,at give tilladelse,Authorization,授权
2914,unormal,Exception,异常
2915,Eksportér til Excel,Export Excel,导出 Excel
2916,Eksport mislykkedes,Export fail,导出失败
2917,Eksport vellykket,Export Success,导出成功
2918,niveau,Level,级别
2919,journal,Logs,日志
2920,niveau,Logs Level,级别
2921,oplysninger,Message,信息
2922,Skabelon,Message Template,模板
2923,attribut,Properties,属性
2924,søg,Search,搜索
2925,可用功能,See all available options,Tilgængeligeunktioner
2926,tid,Time Stamp,时间
2927,at give tilladelse,Authorization,授权
2928,unormal,Exception,异常
2929,Eksportér til Excel,Export Excel,导出 Excel
2930,Eksport mislykkedes,Export fail,导出失败
2931,Eksport vellykket,Export Success,导出成功
2932,niveau,Level,级别
2933,journal,Logs,日志
2934,niveau,Logs Level,级别
2935,oplysninger,Message,信息
2936,Skabelon,Message Template,模板
2937,attribut,Properties,属性
2938,søg,Search,搜索
2939,可用功能,See all available options,Tilgængeligeunktioner
2940,tid,Time Stamp,时间
2941,at give tilladelse,Authorization,授权
2942,unormal,Exception,异常
2943,Eksportér til Excel,Export Excel,导出 Excel
2944,Eksport mislykkedes,Export fail,导出失败
2945,Eksport vellykket,Export Success,导出成功
2946,niveau,Level,级别
2947,journal,Logs,日志
2948,niveau,Logs Level,级别
2949,oplysninger,Message,信息
2950,Skabelon,Message Template,模板
2951,attribut,Properties,属性
2952,søg,Search,搜索
2953,可用功能,See all available options,Tilgængeligeunktioner
2954,tid,Time Stamp,时间
2955,at give tilladelse,Authorization,授权
2956,unormal,Exception,异常
2957,Eksportér til Excel,Export Excel,导出 Excel
2958,Eksport mislykkedes,Export fail,导出失败
2959,Eksport vellykket,Export Success,导出成功
2960,niveau,Level,级别
2961,journal,Logs,日志
2962,niveau,Logs Level,级别
2963,oplysninger,Message,信息
2964,Skabelon,Message Template,模板
2965,attribut,Properties,属性
2966,søg,Search,搜索
2967,可用功能,See all available options,Tilgængeligeunktioner
2968,tid,Time Stamp,时间
2969,at give tilladelse,Authorization,授权
2970,unormal,Exception,异常
2971,Eksportér til Excel,Export Excel,导出 Excel
2972,Eksport mislykkedes,Export fail,导出失败
2973,Eksport vellykket,Export Success,导出成功
2974,niveau,Level,级别
2975,journal,Logs,日志
2976,niveau,Logs Level,级别
2977,oplysninger,Message,信息
2978,Skabelon,Message Template,模板
2979,attribut,Properties,属性
2980,søg,Search,搜索
2981,可用功能,See all available options,Tilgængeligeunktioner
2982,tid,Time Stamp,时间
2983,at give tilladelse,Authorization,授权
2984,unormal,Exception,异常
2985,Eksportér til Excel,Export Excel,导出 Excel
2986,Eksport mislykkedes,Export fail,导出失败
2987,Eksport vellykket,Export Success,导出成功
2988,niveau,Level,级别
2989,journal,Logs,日志
2990,niveau,Logs Level,级别
2991,oplysninger,Message,信息
2992,Skabelon,Message Template,模板
2993,attribut,Properties,属性
2994,søg,Search,搜索
2995,可用功能,See all available options,Tilgængeligeunktioner
2996,tid,Time Stamp,时间
2997,at give tilladelse,Authorization,授权
2998,unormal,Exception,异常
2999,Eksportér til Excel,Export Excel,导出 Excel
3000,Eksport mislykkedes,Export fail,导出失败
3001,Eksport vellykket,Export Success,导出成功
3002,niveau,Level,级别
3003,journal,Logs,日志
3004,niveau,Logs Level,级别
3005,oplysninger,Message,信息
3006,Skabelon,Message Template,模板
3007,attribut,Properties,属性
3008,søg,Search,搜索
3009,可用功能,See all available options,Tilgængeligeunktioner
3010,tid,Time Stamp,时间
3011,at give tilladelse,Authorization,授权
3012,unormal,Exception,异常
3013,Eksportér til Excel,Export Excel,导出 Excel
3014,Eksport mislykkedes,Export fail,导出失败
3015,Eksport vellykket,Export Success,导出成功
3016,niveau,Level,级别
3017,journal,Logs,日志
3018,niveau,Logs Level,级别
3019,oplysninger,Message,信息
3020,Skabelon,Message Template,模板
3021,attribut,Properties,属性
3022,søg,Search,搜索
3023,可用功能,See all available options,Tilgængeligeunktioner
3024,tid,Time Stamp,时间
3025,at give tilladelse,Authorization,授权
3026,unormal,Exception,异常
3027,Eksportér til Excel,Export Excel,导出 Excel
3028,Eksport mislykkedes,Export fail,导出失败
3029,Eksport vellykket,Export Success,导出成功
3030,niveau,Level,级别
3031,journal,Logs,日志
3032,niveau,Logs Level,级别
3033,oplysninger,Message,信息
3034,Skabelon,Message Template,模板
3035,attribut,Properties,属性
3036,søg,Search,搜索
3037,可用功能,See all available options,Tilgængeligeunktioner
3038,tid,Time Stamp,时间
3039,at give tilladelse,Authorization,授权
3040,unormal,Exception,异常
3041,Eksportér til Excel,Export Excel,导出 Excel
3042,Eksport mislykkedes,Export fail,导出失败
3043,Eksport vellykket,Export Success,导出成功
3044,niveau,Level,级别
3045,journal,Logs,日志
3046,niveau,Logs Level,级别
3047,oplysninger,Message,信息
3048,Skabelon,Message Template,模板
3049,attribut,Properties,属性
3050,søg,Search,搜索
3051,可用功能,See all available options,Tilgængeligeunktioner
3052,tid,Time Stamp,时间
3053,at give tilladelse,Authorization,授权
3054,unormal,Exception,异常
3055,Eksportér til Excel,Export Excel,导出 Excel
3056,Eksport mislykkedes,Export fail,导出失败
3057,Eksport vellykket,Export Success,导出成功
3058,niveau,Level,级别
3059,journal,Logs,日志
3060,niveau,Logs Level,级别
3061,oplysninger,Message,信息
3062,Skabelon,Message Template,模板
3063,attribut,Properties,属性
3064,søg,Search,搜索
3065,可用功能,See all available options,Tilgængeligeunktioner
3066,tid,Time Stamp,时间
3067,at give tilladelse,Authorization,授权
3068,unormal,Exception,异常
3069,Eksportér til Excel,Export Excel,导出 Excel
3070,Eksport mislykkedes,Export fail,导出失败
3071,Eksport vellykket,Export Success,导出成功
3072,niveau,Level,级别
3073,journal,Logs,日志
3074,niveau,Logs Level,级别
3075,oplysninger,Message,信息
3076,Skabelon,Message Template,模板
3077,attribut,Properties,属性
3078,søg,Search,搜索
3079,可用功能,See all available options,Tilgængeligeunktioner
3080,tid,Time Stamp,时间
3081,at give tilladelse,Authorization,授权
3082,unormal,Exception,异常
3083,Eksportér til Excel,Export Excel,导出 Excel
3084,Eksport mislykkedes,Export fail,导出失败
3085,Eksport vellykket,Export Success,导出成功
3086,niveau,Level,级别
3087,journal,Logs,日志
3088,niveau,Logs Level,级别
3089,oplysninger,Message,信息
3090,Skabelon,Message Template,模板
3091,attribut,Properties,属性
3092,søg,Search,搜索
3093,可用功能,See all available options,Tilgængeligeunktioner
3094,tid,Time Stamp,时间
3095,at give tilladelse,Authorization,授权
3096,unormal,Exception,异常
3097,Eksportér til Excel,Export Excel,导出 Excel
3098,Eksport mislykkedes,Export fail,导出失败
3099,Eksport vellykket,Export Success,导出成功
3100,niveau,Level,级别
3101,journal,Logs,日志
3102,niveau,Logs Level,级别
3103,oplysninger,Message,信息
3104,Skabelon,Message Template,模板
3105,attribut,Properties,属性
3106,søg,Search,搜索
3107,可用功能,See all available options,Tilgængeligeunktioner
3108,tid,Time Stamp,时间
3109,at give tilladelse,Authorization,授权
3110,unormal,Exception,异常
3111,Eksportér til Excel,Export Excel,导出 Excel
3112,Eksport mislykkedes,Export fail,导出失败
3113,Eksport vellykket,Export Success,导出成功
3114,niveau,Level,级别
3115,journal,Logs,日志
3116,niveau,Logs Level,级别
3117,oplysninger,Message,信息
3118,Skabelon,Message Template,模板
3119,attribut,Properties,属性
3120,søg,Search,搜索
3121,可用功能,See all available options,Tilgængeligeunktioner
3122,tid,Time Stamp,时间
3123,at give tilladelse,Authorization,授权
3124,unormal,Exception,异常
3125,Eksportér til Excel,Export Excel,导出 Excel
3126,Eksport mislykkedes,Export fail,导出失败
3127,Eksport vellykket,Export Success,导出成功
3128,niveau,Level,级别
3129,journal,Logs,日志
3130,niveau,Logs Level,级别
3131,oplysninger,Message,信息
3132,Skabelon,Message Template,模板
3133,attribut,Properties,属性
3134,søg,Search,搜索
3135,可用功能,See all available options,Tilgængeligeunktioner
3136,tid,Time Stamp,时间
3137,at give tilladelse,Authorization,授权
3138,unormal,Exception,异常
3139,Eksportér til Excel,Export Excel,导出 Excel
3140,Eksport mislykkedes,Export fail,导出失败
3141,Eksport vellykket,Export Success,导出成功
3142,niveau,Level,级别
3143,journal,Logs,日志
3144,niveau,Logs Level,级别
3145,oplysninger,Message,信息
3146,Skabelon,Message Template,模板
3147,attribut,Properties,属性
3148,søg,Search,搜索
3149,可用功能,See all available options,Tilgængeligeunktioner
3150,tid,Time Stamp,时间
3151,at give tilladelse,Authorization,授权
3152,unormal,Exception,异常
3153,Eksportér til Excel,Export Excel,导出 Excel
3154,Eksport mislykkedes,Export fail,导出失败
3155,Eksport vellykket,Export Success,导出成功
3156,niveau,Level,级别
3157,journal,Logs,日志
3158,niveau,Logs Level,级别
3159,oplysninger,Message,信息
3160,Skabelon,Message Template,模板
3161,attribut,Properties,属性
3162,søg,Search,搜索
3163,可用功能,See all available options,Tilgængeligeunktioner
3164,tid,Time Stamp,时间
3165,at give tilladelse,Authorization,授权
3166,unormal,Exception,异常
3167,Eksportér til Excel,Export Excel,导出 Excel
3168,Eksport mislykkedes,Export fail,导出失败
3169,Eksport vellykket,Export Success,导出成功
3170,niveau,Level,级别
3171,journal,Logs,日志
3172,niveau,Logs Level,级别
3173,oplysninger,Message,信息
3174,Skabelon,Message Template,模板
3175,attribut,Properties,属性
3176,søg,Search,搜索
3177,可用功能,See all available options,Tilgængeligeunktioner
3178,tid,Time Stamp,时间
3179,at give tilladelse,Authorization,授权
3180,unormal,Exception,异常
3181,Eksportér til Excel,Export Excel,导出 Excel
3182,Eksport mislykkedes,Export fail,导出失败
3183,Eksport vellykket,Export Success,导出成功
3184,niveau,Level,级别
3185,journal,Logs,日志
3186,niveau,Logs Level,级别
3187,oplysninger,Message,信息
3188,Skabelon,Message Template,模板
3189,attribut,Properties,属性
3190,søg,Search,搜索
3191,可用功能,See all available options,Tilgængeligeunktioner
3192,tid,Time Stamp,时间
3193,at give tilladelse,Authorization,授权
3194,unormal,Exception,异常
3195,Eksportér til Excel,Export Excel,导出 Excel
3196,Eksport mislykkedes,Export fail,导出失败
3197,Eksport vellykket,Export Success,导出成功
3198,niveau,Level,级别
3199,journal,Logs,日志
3200,niveau,Logs Level,级别
3201,oplysninger,Message,信息
3202,Skabelon,Message Template,模板
3203,attribut,Properties,属性
3204,søg,Search,搜索
3205,可用功能,See all available options,Tilgængeligeunktioner
3206,tid,Time Stamp,时间
3207,at give tilladelse,Authorization,授权
3208,unormal,Exception,异常
3209,Eksportér til Excel,Export Excel,导出 Excel
3210,Eksport mislykkedes,Export fail,导出失败
3211,Eksport vellykket,Export Success,导出成功
3212,niveau,Level,级别
3213,journal,Logs,日志
3214,niveau,Logs Level,级别
3215,oplysninger,Message,信息
3216,Skabelon,Message Template,模板
3217,attribut,Properties,属性
3218,søg,Search,搜索
3219,可用功能,See all available options,Tilgængeligeunktioner
3220,tid,Time Stamp,时间
3221,at give tilladelse,Authorization,授权
3222,unormal,Exception,异常
3223,Eksportér til Excel,Export Excel,导出 Excel
3224,Eksport mislykkedes,Export fail,导出失败
3225,Eksport vellykket,Export Success,导出成功
3226,niveau,Level,级别
3227,journal,Logs,日志
3228,niveau,Logs Level,级别
3229,oplysninger,Message,信息
3230,Skabelon,Message Template,模板
3231,attribut,Properties,属性
3232,søg,Search,搜索
3233,可用功能,See all available options,Tilgængeligeunktioner
3234,tid,Time Stamp,时间
3235,at give tilladelse,Authorization,授权
3236,unormal,Exception,异常
3237,Eksportér til Excel,Export Excel,导出 Excel
3238,Eksport mislykkedes,Export fail,导出失败
3239,Eksport vellykket,Export Success,导出成功
3240,niveau,Level,级别
3241,journal,Logs,日志
3242,niveau,Logs Level,级别
3243,oplysninger,Message,信息
3244,Skabelon,Message Template,模板
3245,attribut,Properties,属性
3246,søg,Search,搜索
3247,可用功能,See all available options,Tilgængeligeunktioner
3248,tid,Time Stamp,时间
3249,at give tilladelse,Authorization,授权
3250,unormal,Exception,异常
3251,Eksportér til Excel,Export Excel,导出 Excel
3252,Eksport mislykkedes,Export fail,导出失败
3253,Eksport vellykket,Export Success,导出成功
3254,niveau,Level,级别
3255,journal,Logs,日志
3256,niveau,Logs Level,级别
3257,oplysninger,Message,信息
3258,Skabelon,Message Template,模板
3259,attribut,Properties,属性
3260,søg,Search,搜索
3261,可用功能,See all available options,Tilgængeligeunktioner
3262,tid,Time Stamp,时间
3263,at give tilladelse,Authorization,授权
3264,unormal,Exception,异常
3265,Eksportér til Excel,Export Excel,导出 Excel
3266,Eksport mislykkedes,Export fail,导出失败
3267,Eksport vellykket,Export Success,导出成功
3268,niveau,Level,级别
3269,journal,Logs,日志
3270,niveau,Logs Level,级别
3271,oplysninger,Message,信息
3272,Skabelon,Message Template,模板
3273,attribut,Properties,属性
3274,søg,Search,搜索
3275,可用功能,See all available options,Tilgængeligeunktioner
3276,tid,Time Stamp,时间
3277,at give tilladelse,Authorization,授权
3278,unormal,Exception,异常
3279,Eksportér til Excel,Export Excel,导出 Excel
3280,Eksport mislykkedes,Export fail,导出失败
3281,Eksport vellykket,Export Success,导出成功
3282,niveau,Level,级别
3283,journal,Logs,日志
3284,niveau,Logs Level,级别
3285,oplysninger,Message,信息
3286,Skabelon,Message Template,模板
3287,attribut,Properties,属性
3288,søg,Search,搜索
3289,可用功能,See all available options,Tilgængeligeunktioner
3290,tid,Time Stamp,时间
3291,at give tilladelse,Authorization,授权
3292,unormal,Exception,异常
3293,Eksportér til Excel,Export Excel,导出 Excel
3294,Eksport mislykkedes,Export fail,导出失败
3295,Eksport vellykket,Export Success,导出成功
3296,niveau,Level,级别
3297,journal,Logs,日志
3298,niveau,Logs Level,级别
3299,oplysninger,Message,信息
3300,Skabelon,Message Template,模板
3301,attribut,Properties,属性
3302,søg,Search,搜索
3303,可用功能,See all available options,Tilgængeligeunktioner
3304,tid,Time Stamp,时间
3305,at give tilladelse,Authorization,授权
3306,unormal,Exception,异常
3307,Eksportér til Excel,Export Excel,导出 Excel
3308,Eksport mislykkedes,Export fail,导出失败
3309,Eksport vellykket,Export Success,导出成功
3310,niveau,Level,级别
3311,journal,Logs,日志
3312,niveau,Logs Level,级别
3313,oplysninger,Message,信息
3314,Skabelon,Message Template,模板
3315,attribut,Properties,属性
3316,søg,Search,搜索
3317,可用功能,See all available options,Tilgængeligeunktioner
3318,tid,Time Stamp,时间
3319,at give tilladelse,Authorization,授权
3320,unormal,Exception,异常
3321,Eksportér til Excel,Export Excel,导出 Excel
3322,Eksport mislykkedes,Export fail,导出失败
3323,Eksport vellykket,Export Success,导出成功
3324,niveau,Level,级别
3325,journal,Logs,日志
3326,niveau,Logs Level,级别
3327,oplysninger,Message,信息
3328,Skabelon,Message Template,模板
3329,attribut,Properties,属性
3330,søg,Search,搜索
3331,可用功能,See all available options,Tilgængeligeunktioner
3332,tid,Time Stamp,时间
3333,at give tilladelse,Authorization,授权
3334,unormal,Exception,异常
3335,Eksportér til Excel,Export Excel,导出 Excel
3336,Eksport mislykkedes,Export fail,导出失败
3337,Eksport vellykket,Export Success,导出成功
3338,niveau,Level,级别
3339,journal,Logs,日志
3340,niveau,Logs Level,级别
3341,oplysninger,Message,信息
3342,Skabelon,Message Template,模板
3343,attribut,Properties,属性
3344,søg,Search,搜索
3345,可用功能,See all available options,Tilgængeligeunktioner
3346,tid,Time Stamp,时间
3347,at give tilladelse,Authorization,授权
3348,unormal,Exception,异常
3349,Eksportér til Excel,Export Excel,导出 Excel
3350,Eksport mislykkedes,Export fail,导出失败
3351,Eksport vellykket,Export Success,导出成功
3352,niveau,Level,级别
3353,journal,Logs,日志
3354,niveau,Logs Level,级别
3355,oplysninger,Message,信息
3356,Skabelon,Message Template,模板
3357,attribut,Properties,属性
3358,søg,Search,搜索
3359,可用功能,See all available options,Tilgængeligeunktioner
3360,tid,Time Stamp,时间
3361,at give tilladelse,Authorization,授权
3362,unormal,Exception,异常
3363,Eksportér til Excel,Export Excel,导出 Excel
3364,Eksport mislykkedes,Export fail,导出失败
3365,Eksport vellykket,Export Success,导出成功
3366,niveau,Level,级别
3367,journal,Logs,日志
3368,niveau,Logs Level,级别
3369,oplysninger,Message,信息
3370,Skabelon,Message Template,模板
3371,attribut,Properties,属性
3372,søg,Search,搜索
3373,可用功能,See all available options,Tilgængeligeunktioner
3374,tid,Time Stamp,时间
3375,at give tilladelse,Authorization,授权
3376,unormal,Exception,异常
3377,Eksportér til Excel,Export Excel,导出 Excel
3378,Eksport mislykkedes,Export fail,导出失败
3379,Eksport vellykket,Export Success,导出成功
3380,niveau,Level,级别
3381,journal,Logs,日志
3382,niveau,Logs Level,级别
3383,oplysninger,Message,信息
3384,Skabelon,Message Template,模板
3385,attribut,Properties,属性
3386,søg,Search,搜索
3387,可用功能,See all available options,Tilgængeligeunktioner
3388,tid,Time Stamp,时间
3389,at give tilladelse,Authorization,授权
3390,unormal,Exception,异常
3391,Eksportér til Excel,Export Excel,导出 Excel
3392,Eksport mislykkedes,Export fail,导出失败
3393,Eksport vellykket,Export Success,导出成功
3394,niveau,Level,级别
3395,journal,Logs,日志
3396,niveau,Logs Level,级别
3397,oplysninger,Message,信息
3398,Skabelon,Message Template,模板
3399,attribut,Properties,属性
3400,søg,Search,搜索
3401,可用功能,See all available options,Tilgængeligeunktioner
3402,tid,Time Stamp,时间
3403,at give tilladelse,Authorization,授权
3404,unormal,Exception,异常
3405,Eksportér til Excel,Export Excel,导出 Excel
3406,Eksport mislykkedes,Export fail,导出失败
3407,Eksport vellykket,Export Success,导出成功
3408,niveau,Level,级别
3409,journal,Logs,日志
3410,niveau,Logs Level,级别
3411,oplysninger,Message,信息
3412,Skabelon,Message Template,模板
3413,attribut,Properties,属性
3414,søg,Search,搜索
3415,可用功能,See all available options,Tilgængeligeunktioner
3416,tid,Time Stamp,时间
3417,at give tilladelse,Authorization,授权
3418,unormal,Exception,异常
3419,Eksportér til Excel,Export Excel,导出 Excel
3420,Eksport mislykkedes,Export fail,导出失败
3421,Eksport vellykket,Export Success,导出成功
3422,niveau,Level,级别
3423,journal,Logs,日志
3424,niveau,Logs Level,级别
3425,oplysninger,Message,信息
3426,Skabelon,Message Template,模板
3427,attribut,Properties,属性
3428,søg,Search,搜索
3429,可用功能,See all available options,Tilgængeligeunktioner
3430,tid,Time Stamp,时间
3431,at give tilladelse,Authorization,授权
3432,unormal,Exception,异常
3433,Eksportér til Excel,Export Excel,导出 Excel
3434,Eksport mislykkedes,Export fail,导出失败
3435,Eksport vellykket,Export Success,导出成功
3436,niveau,Level,级别
3437,journal,Logs,日志
3438,niveau,Logs Level,级别
3439,oplysninger,Message,信息
3440,Skabelon,Message Template,模板
3441,attribut,Properties,属性
3442,søg,Search,搜索
3443,可用功能,See all available options,Tilgængeligeunktioner
3444,tid,Time Stamp,时间
3445,at give tilladelse,Authorization,授权
3446,unormal,Exception,异常
3447,Eksportér til Excel,Export Excel,导出 Excel
3448,Eksport mislykkedes,Export fail,导出失败
3449,Eksport vellykket,Export Success,导出成功
3450,niveau,Level,级别
3451,journal,Logs,日志
3452,niveau,Logs Level,级别
3453,oplysninger,Message,信息
3454,Skabelon,Message Template,模板
3455,attribut,Properties,属性
3456,søg,Search,搜索
3457,可用功能,See all available options,Tilgængeligeunktioner
3458,tid,Time Stamp,时间
3459,at give tilladelse,Authorization,授权
3460,unormal,Exception,异常
3461,Eksportér til Excel,Export Excel,导出 Excel
3462,Eksport mislykkedes,Export fail,导出失败
3463,Eksport vellykket,Export Success,导出成功
3464,niveau,Level,级别
3465,journal,Logs,日志
3466,niveau,Logs Level,级别
3467,oplysninger,Message,信息
3468,Skabelon,Message Template,模板
3469,attribut,Properties,属性
3470,søg,Search,搜索
3471,可用功能,See all available options,Tilgængeligeunktioner
3472,tid,Time Stamp,时间
3473,at give tilladelse,Authorization,授权
3474,unormal,Exception,异常
3475,Eksportér til Excel,Export Excel,导出 Excel
3476,Eksport mislykkedes,Export fail,导出失败
3477,Eksport vellykket,Export Success,导出成功
3478,niveau,Level,级别
3479,journal,Logs,日志
3480,niveau,Logs Level,级别
3481,oplysninger,Message,信息
3482,Skabelon,Message Template,模板
3483,attribut,Properties,属性
3484,søg,Search,搜索
3485,可用功能,See all available options,Tilgængeligeunktioner
3486,tid,Time Stamp,时间
3487,at give tilladelse,Authorization,授权
3488,unormal,Exception,异常
3489,Eksportér til Excel,Export Excel,导出 Excel
3490,Eksport mislykkedes,Export fail,导出失败
3491,Eksport vellykket,Export Success,导出成功
3492,niveau,Level,级别
3493,journal,Logs,日志
3494,niveau,Logs Level,级别
3495,oplysninger,Message,信息
3496,Skabelon,Message Template,模板
3497,attribut,Properties,属性
3498,søg,Search,搜索
3499,可用功能,See all available options,Tilgængeligeunktioner
3500,tid,Time Stamp,时间
3501,at give tilladelse,Authorization,授权
3502,unormal,Exception,异常
3503,Eksportér til Excel,Export Excel,导出 Excel
3504,Eksport mislykkedes,Export fail,导出失败
3505,Eksport vellykket,Export Success,导出成功
3506,niveau,Level,级别
3507,journal,Logs,日志
3508,niveau,Logs Level,级别
3509,oplysninger,Message,信息
3510,Skabelon,Message Template,模板
3511,attribut,Properties,属性
3512,søg,Search,搜索
3513,可用功能,See all available options,Tilgængeligeunktioner
3514,tid,Time Stamp,时间
3515,at give tilladelse,Authorization,授权
3516,unormal,Exception,异常
3517,Eksportér til Excel,Export Excel,导出 Excel
3518,Eksport mislykkedes,Export fail,导出失败
3519,Eksport vellykket,Export Success,导出成功
3520,niveau,Level,级别
3521,journal,Logs,日志
3522,niveau,Logs Level,级别
3523,oplysninger,Message,信息
3524,Skabelon,Message Template,模板
3525,attribut,Properties,属性
3526,søg,Search,搜索
3527,可用功能,See all available options,Tilgængeligeunktioner
3528,tid,Time Stamp,时间
3529,at give tilladelse,Authorization,授权
3530,unormal,Exception,异常
3531,Eksportér til Excel,Export Excel,导出 Excel
3532,Eksport mislykkedes,Export fail,导出失败
3533,Eksport vellykket,Export Success,导出成功
3534,niveau,Level,级别
3535,journal,Logs,日志
3536,niveau,Logs Level,级别
3537,oplysninger,Message,信息
3538,Skabelon,Message Template,模板
3539,attribut,Properties,属性
3540,søg,Search,搜索
3541,可用功能,See all available options,Tilgængeligeunktioner
3542,tid,Time Stamp,时间
3543,at give tilladelse,Authorization,授权
3544,unormal,Exception,异常
3545,Eksportér til Excel,Export Excel,导出 Excel
3546,Eksport mislykkedes,Export fail,导出失败
3547,Eksport vellykket,Export Success,导出成功
3548,niveau,Level,级别
3549,journal,Logs,日志
3550,niveau,Logs Level,级别
3551,oplysninger,Message,信息
3552,Skabelon,Message Template,模板
3553,attribut,Properties,属性
3554,søg,Search,搜索
3555,可用功能,See all available options,Tilgængeligeunktioner
3556,tid,Time Stamp,时间
3557,at give tilladelse,Authorization,授权
3558,unormal,Exception,异常
3559,Eksportér til Excel,Export Excel,导出 Excel
3560,Eksport mislykkedes,Export fail,导出失败
3561,Eksport vellykket,Export Success,导出成功
3562,niveau,Level,级别
3563,journal,Logs,日志
3564,niveau,Logs Level,级别
3565,oplysninger,Message,信息
3566,Skabelon,Message Template,模板
3567,attribut,Properties,属性
3568,søg,Search,搜索
3569,可用功能,See all available options,Tilgængeligeunktioner
3570,tid,Time Stamp,时间
3571,at give tilladelse,Authorization,授权
3572,unormal,Exception,异常
3573,Eksportér til Excel,Export Excel,导出 Excel
3574,Eksport mislykkedes,Export fail,导出失败
3575,Eksport vellykket,Export Success,导出成功
3576,niveau,Level,级别
3577,journal,Logs,日志
3578,niveau,Logs Level,级别
3579,oplysninger,Message,信息
3580,Skabelon,Message Template,模板
3581,attribut,Properties,属性
3582,søg,Search,搜索
3583,可用功能,See all available options,Tilgængeligeunktioner
3584,tid,Time Stamp,时间
3585,at give tilladelse,Authorization,授权
3586,unormal,Exception,异常
3587,Eksportér til Excel,Export Excel,导出 Excel
3588,Eksport mislykkedes,Export fail,导出失败
3589,Eksport vellykket,Export Success,导出成功
3590,niveau,Level,级别
3591,journal,Logs,日志
3592,niveau,Logs Level,级别
3593,oplysninger,Message,信息
3594,Skabelon,Message Template,模板
3595,attribut,Properties,属性
3596,søg,Search,搜索
3597,可用功能,See all available options,Tilgængeligeunktioner
3598,tid,Time Stamp,时间
3599,at give tilladelse,Authorization,授权
3600,unormal,Exception,异常
3601,Eksportér til Excel,Export Excel,导出 Excel
3602,Eksport mislykkedes,Export fail,导出失败
3603,Eksport vellykket,Export Success,导出成功
3604,niveau,Level,级别
3605,journal,Logs,日志
3606,niveau,Logs Level,级别
3607,oplysninger,Message,信息
3608,Skabelon,Message Template,模板
3609,attribut,Properties,属性
3610,søg,Search,搜索
3611,可用功能,See all available options,Tilgængeligeunktioner
3612,tid,Time Stamp,时间
3613,at give tilladelse,Authorization,授权
3614,unormal,Exception,异常
3615,Eksportér til Excel,Export Excel,导出 Excel
3616,Eksport mislykkedes,Export fail,导出失败
3617,Eksport vellykket,Export Success,导出成功
3618,niveau,Level,级别
3619,journal,Logs,日志
3620,niveau,Logs Level,级别
3621,oplysninger,Message,信息
3622,Skabelon,Message Template,模板
3623,attribut,Properties,属性
3624,søg,Search,搜索
3625,可用功能,See all available options,Tilgængeligeunktioner
3626,tid,Time Stamp,时间
3627,at give tilladelse,Authorization,授权
3628,unormal,Exception,异常
3629,Eksportér til Excel,Export Excel,导出 Excel
3630,Eksport mislykkedes,Export fail,导出失败
3631,Eksport vellykket,Export Success,导出成功
3632,niveau,Level,级别
3633,journal,Logs,日志
3634,niveau,Logs Level,级别
3635,oplysninger,Message,信息
3636,Skabelon,Message Template,模板
3637,attribut,Properties,属性
3638,søg,Search,搜索
3639,可用功能,See all available options,Tilgængeligeunktioner
3640,tid,Time Stamp,时间
3641,at give tilladelse,Authorization,授权
3642,unormal,Exception,异常
3643,Eksportér til Excel,Export Excel,导出 Excel
3644,Eksport mislykkedes,Export fail,导出失败
3645,Eksport vellykket,Export Success,导出成功
3646,niveau,Level,级别
3647,journal,Logs,日志
3648,niveau,Logs Level,级别
3649,oplysninger,Message,信息
3650,Skabelon,Message Template,模板
3651,attribut,Properties,属性
3652,søg,Search,搜索
3653,可用功能,See all available options,Tilgængeligeunktioner
3654,tid,Time Stamp,时间
3655,at give tilladelse,Authorization,授权
3656,unormal,Exception,异常
3657,Eksportér til Excel,Export Excel,导出 Excel
3658,Eksport mislykkedes,Export fail,导出失败
3659,Eksport vellykket,Export Success,导出成功
3660,niveau,Level,级别
3661,journal,Logs,日志
3662,niveau,Logs Level,级别
3663,oplysninger,Message,信息
3664,Skabelon,Message Template,模板
3665,attribut,Properties,属性
3666,søg,Search,搜索
3667,可用功能,See all available options,Tilgængeligeunktioner
3668,tid,Time Stamp,时间
3669,at give tilladelse,Authorization,授权
3670,unormal,Exception,异常
3671,Eksportér til Excel,Export Excel,导出 Excel
3672,Eksport mislykkedes,Export fail,导出失败
3673,Eksport vellykket,Export Success,导出成功
3674,niveau,Level,级别
3675,journal,Logs,日志
3676,niveau,Logs Level,级别
3677,oplysninger,Message,信息
3678,Skabelon,Message Template,模板
3679,attribut,Properties,属性
3680,søg,Search,搜索
3681,可用功能,See all available options,Tilgængeligeunktioner
3682,tid,Time Stamp,时间
3683,at give tilladelse,Authorization,授权
3684,unormal,Exception,异常
3685,Eksportér til Excel,Export Excel,导出 Excel
3686,Eksport mislykkedes,Export fail,导出失败
3687,Eksport vellykket,Export Success,导出成功
3688,niveau,Level,级别
3689,journal,Logs,日志
3690,niveau,Logs Level,级别
3691,oplysninger,Message,信息
3692,Skabelon,Message Template,模板
3693,attribut,Properties,属性
3694,søg,Search,搜索
3695,可用功能,See all available options,Tilgængeligeunktioner
3696,tid,Time Stamp,时间
3697,at give tilladelse,Authorization,授权
3698,unormal,Exception,异常
3699,Eksportér til Excel,Export Excel,导出 Excel
3700,Eksport mislykkedes,Export fail,导出失败
3701,Eksport vellykket,Export Success,导出成功
3702,niveau,Level,级别
3703,journal,Logs,日志
3704,niveau,Logs Level,级别
3705,oplysninger,Message,信息
3706,Skabelon,Message Template,模板
3707,attribut,Properties,属性
3708,søg,Search,搜索
3709,可用功能,See all available options,Tilgængeligeunktioner
3710,tid,Time Stamp,时间
3711,at give tilladelse,Authorization,授权
3712,unormal,Exception,异常
3713,Eksportér til Excel,Export Excel,导出 Excel
3714,Eksport mislykkedes,Export fail,导出失败
3715,Eksport vellykket,Export Success,导出成功
3716,niveau,Level,级别
3717,journal,Logs,日志
3718,niveau,Logs Level,级别
3719,oplysninger,Message,信息
3720,Skabelon,Message Template,模板
3721,attribut,Properties,属性
3722,søg,Search,搜索
3723,可用功能,See all available options,Tilgængeligeunktioner
3724,tid,Time Stamp,时间
3725,at give tilladelse,Authorization,授权
3726,unormal,Exception,异常
3727,Eksportér til Excel,Export Excel,导出 Excel
3728,Eksport mislykkedes,Export fail,导出失败
3729,Eksport vellykket,Export Success,导出成功
3730,niveau,Level,级别
3731,journal,Logs,日志
3732,niveau,Logs Level,级别
3733,oplysninger,Message,信息
3734,Skabelon,Message Template,模板
3735,attribut,Properties,属性
3736,søg,Search,搜索
3737,可用功能,See all available options,Tilgængeligeunktioner
3738,tid,Time Stamp,时间
3739,at give tilladelse,Authorization,授权
3740,unormal,Exception,异常
3741,Eksportér til Excel,Export Excel,导出 Excel
3742,Eksport mislykkedes,Export fail,导出失败
3743,Eksport vellykket,Export Success,导出成功
3744,niveau,Level,级别
3745,journal,Logs,日志
3746,niveau,Logs Level,级别
3747,oplysninger,Message,信息
3748,Skabelon,Message Template,模板
3749,attribut,Properties,属性
3750,søg,Search,搜索
3751,可用功能,See all available options,Tilgængeligeunktioner
3752,tid,Time Stamp,时间
3753,at give tilladelse,Authorization,授权
3754,unormal,Exception,异常
3755,Eksportér til Excel,Export Excel,导出 Excel
3756,Eksport mislykkedes,Export fail,导出失败
3757,Eksport vellykket,Export Success,导出成功
3758,niveau,Level,级别
3759,journal,Logs,日志
3760,niveau,Logs Level,级别
3761,oplysninger,Message,信息
3762,Skabelon,Message Template,模板
3763,attribut,Properties,属性
3764,søg,Search,搜索
3765,可用功能,See all available options,Tilgængeligeunktioner
3766,tid,Time Stamp,时间
3767,at give tilladelse,Authorization,授权
3768,unormal,Exception,异常
3769,Eksportér til Excel,Export Excel,导出 Excel
3770,Eksport mislykkedes,Export fail,导出失败
3771,Eksport vellykket,Export Success,导出成功
3772,niveau,Level,级别
3773,journal,Logs,日志
3774,niveau,Logs Level,级别
3775,oplysninger,Message,信息
3776,Skabelon,Message Template,模板
3777,attribut,Properties,属性
3778,søg,Search,搜索
3779,可用功能,See all available options,Tilgængeligeunktioner
3780,tid,Time Stamp,时间
3781,at give tilladelse,Authorization,授权
3782,unormal,Exception,异常
3783,Eksportér til Excel,Export Excel,导出 Excel
3784,Eksport mislykkedes,Export fail,导出失败
3785,Eksport vellykket,Export Success,导出成功
3786,niveau,Level,级别
3787,journal,Logs,日志
3788,niveau,Logs Level,级别
3789,oplysninger,Message,信息
3790,Skabelon,Message Template,模板
3791,attribut,Properties,属性
3792,søg,Search,搜索
3793,可用功能,See all available options,Tilgængeligeunktioner
3794,tid,Time Stamp,时间
3795,at give tilladelse,Authorization,授权
3796,unormal,Exception,异常
3797,Eksportér til Excel,Export Excel,导出 Excel
3798,Eksport mislykkedes,Export fail,导出失败
3799,Eksport vellykket,Export Success,导出成功
3800,niveau,Level,级别
3801,journal,Logs,日志
3802,niveau,Logs Level,级别
3803,oplysninger,Message,信息
3804,Skabelon,Message Template,模板
3805,attribut,Properties,属性
3806,søg,Search,搜索
3807,可用功能,See all available options,Tilgængeligeunktioner
3808,tid,Time Stamp,时间
3809,at give tilladelse,Authorization,授权
3810,unormal,Exception,异常
3811,Eksportér til Excel,Export Excel,导出 Excel
3812,Eksport mislykkedes,Export fail,导出失败
3813,Eksport vellykket,Export Success,导出成功
3814,niveau,Level,级别
3815,journal,Logs,日志
3816,niveau,Logs Level,级别
3817,oplysninger,Message,信息
3818,Skabelon,Message Template,模板
3819,attribut,Properties,属性
3820,søg,Search,搜索
3821,可用功能,See all available options,Tilgængeligeunktioner
3822,tid,Time Stamp,时间
3823,at give tilladelse,Authorization,授权
3824,unormal,Exception,异常
3825,Eksportér til Excel,Export Excel,导出 Excel
3826,Eksport mislykkedes,Export fail,导出失败
3827,Eksport vellykket,Export Success,导出成功
3828,niveau,Level,级别
3829,journal,Logs,日志
3830,niveau,Logs Level,级别
3831,oplysninger,Message,信息
3832,Skabelon,Message Template,模板
3833,attribut,Properties,属性
3834,søg,Search,搜索
3835,可用功能,See all available options,Tilgængeligeunktioner
3836,tid,Time Stamp,时间
3837,at give tilladelse,Authorization,授权
3838,unormal,Exception,异常
3839,Eksportér til Excel,Export Excel,导出 Excel
3840,Eksport mislykkedes,Export fail,导出失败
3841,Eksport vellykket,Export Success,导出成功
3842,niveau,Level,级别
3843,journal,Logs,日志
3844,niveau,Logs Level,级别
3845,oplysninger,Message,信息
3846,Skabelon,Message Template,模板
3847,attribut,Properties,属性
3848,søg,Search,搜索
3849,可用功能,See all available options,Tilgængeligeunktioner
3850,tid,Time Stamp,时间
3851,at give tilladelse,Authorization,授权
3852,unormal,Exception,异常
3853,Eksportér til Excel,Export Excel,导出 Excel
3854,Eksport mislykkedes,Export fail,导出失败
3855,Eksport vellykket,Export Success,导出成功
3856,niveau,Level,级别
3857,journal,Logs,日志
3858,niveau,Logs Level,级别
3859,oplysninger,Message,信息
3860,Skabelon,Message Template,模板
3861,attribut,Properties,属性
3862,søg,Search,搜索
3863,可用功能,See all available options,Tilgængeligeunktioner
3864,tid,Time Stamp,时间
3865,at give tilladelse,Authorization,授权
3866,unormal,Exception,异常
3867,Eksportér til Excel,Export Excel,导出 Excel
3868,Eksport mislykkedes,Export fail,导出失败
3869,Eksport vellykket,Export Success,导出成功
3870,niveau,Level,级别
3871,journal,Logs,日志
3872,niveau,Logs Level,级别
3873,oplysninger,Message,信息
3874,Skabelon,Message Template,模板
3875,attribut,Properties,属性
3876,søg,Search,搜索
3877,可用功能,See all available options,Tilgængeligeunktioner
3878,tid,Time Stamp,时间
3879,at give tilladelse,Authorization,授权
3880,unormal,Exception,异常
3881,Eksportér til Excel,Export Excel,导出 Excel
3882,Eksport mislykkedes,Export fail,导出失败
3883,Eksport vellykket,Export Success,导出成功
3884,niveau,Level,级别
3885,journal,Logs,日志
3886,niveau,Logs Level,级别
3887,oplysninger,Message,信息
3888,Skabelon,Message Template,模板
3889,attribut,Properties,属性
3890,søg,Search,搜索
3891,可用功能,See all available options,Tilgængeligeunktioner
3892,tid,Time Stamp,时间
3893,at give tilladelse,Authorization,授权
3894,unormal,Exception,异常
3895,Eksportér til Excel,Export Excel,导出 Excel
3896,Eksport mislykkedes,Export fail,导出失败
3897,Eksport vellykket,Export Success,导出成功
3898,niveau,Level,级别
3899,journal,Logs,日志
3900,niveau,Logs Level,级别
3901,oplysninger,Message,信息
3902,Skabelon,Message Template,模板
3903,attribut,Properties,属性
3904,søg,Search,搜索
3905,可用功能,See all available options,Tilgængeligeunktioner
3906,tid,Time Stamp,时间
3907,at give tilladelse,Authorization,授权
3908,unormal,Exception,异常
3909,Eksportér til Excel,Export Excel,导出 Excel
3910,Eksport mislykkedes,Export fail,导出失败
3911,Eksport vellykket,Export Success,导出成功
3912,niveau,Level,级别
3913,journal,Logs,日志
3914,niveau,Logs Level,级别
3915,oplysninger,Message,信息
3916,Skabelon,Message Template,模板
3917,attribut,Properties,属性
3918,søg,Search,搜索
3919,可用功能,See all available options,Tilgængeligeunktioner
3920,tid,Time Stamp,时间
3921,at give tilladelse,Authorization,授权
3922,unormal,Exception,异常
3923,Eksportér til Excel,Export Excel,导出 Excel
3924,Eksport mislykkedes,Export fail,导出失败
3925,Eksport vellykket,Export Success,导出成功
3926,niveau,Level,级别
3927,journal,Logs,日志
3928,niveau,Logs Level,级别
3929,oplysninger,Message,信息
3930,Skabelon,Message Template,模板
3931,attribut,Properties,属性
3932,søg,Search,搜索
3933,可用功能,See all available options,Tilgængeligeunktioner
3934,tid,Time Stamp,时间
3935,at give tilladelse,Authorization,授权
3936,unormal,Exception,异常
3937,Eksportér til Excel,Export Excel,导出 Excel
3938,Eksport mislykkedes,Export fail,导出失败
3939,Eksport vellykket,Export Success,导出成功
3940,niveau,Level,级别
3941,journal,Logs,日志
3942,niveau,Logs Level,级别
3943,oplysninger,Message,信息
3944,Skabelon,Message Template,模板
3945,attribut,Properties,属性
3946,søg,Search,搜索
3947,可用功能,See all available options,Tilgængeligeunktioner
3948,tid,Time Stamp,时间
3949,at give tilladelse,Authorization,授权
3950,unormal,Exception,异常
3951,Eksportér til Excel,Export Excel,导出 Excel
3952,Eksport mislykkedes,Export fail,导出失败
3953,Eksport vellykket,Export Success,导出成功
3954,niveau,Level,级别
3955,journal,Logs,日志
3956,niveau,Logs Level,级别
3957,oplysninger,Message,信息
3958,Skabelon,Message Template,模板
3959,attribut,Properties,属性
3960,søg,Search,搜索
3961,可用功能,See all available options,Tilgængeligeunktioner
3962,tid,Time Stamp,时间
3963,at give tilladelse,Authorization,授权
3964,unormal,Exception,异常
3965,Eksportér til Excel,Export Excel,导出 Excel
3966,Eksport mislykkedes,Export fail,导出失败
3967,Eksport vellykket,Export Success,导出成功
3968,niveau,Level,级别
3969,journal,Logs,日志
3970,niveau,Logs Level,级别
3971,oplysninger,Message,信息
3972,Skabelon,Message Template,模板
3973,attribut,Properties,属性
3974,søg,Search,搜索
3975,可用功能,See all available options,Tilgængeligeunktioner
3976,tid,Time Stamp,时间
3977,at give tilladelse,Authorization,授权
3978,unormal,Exception,异常
3979,Eksportér til Excel,Export Excel,导出 Excel
3980,Eksport mislykkedes,Export fail,导出失败
3981,Eksport vellykket,Export Success,导出成功
3982,niveau,Level,级别
3983,journal,Logs,日志
3984,niveau,Logs Level,级别
3985,oplysninger,Message,信息
3986,Skabelon,Message Template,模板
3987,attribut,Properties,属性
3988,søg,Search,搜索
3989,可用功能,See all available options,Tilgængeligeunktioner
3990,tid,Time Stamp,时间
3991,at give tilladelse,Authorization,授权
3992,unormal,Exception,异常
3993,Eksportér til Excel,Export Excel,导出 Excel
3994,Eksport mislykkedes,Export fail,导出失败
3995,Eksport vellykket,Export Success,导出成功
3996,niveau,Level,级别
3997,journal,Logs,日志
3998,niveau,Logs Level,级别
3999,oplysninger,Message,信息
4000,Skabelon,Message Template,模板
4001,attribut,Properties,属性
4002,søg,Search,搜索
4003,可用功能,See all available options,Tilgængeligeunktioner
4004,tid,Time Stamp,时间
4005,at give tilladelse,Authorization,授权
4006,unormal,Exception,异常
4007,Eksportér til Excel,Export Excel,导出 Excel
4008,Eksport mislykkedes,Export fail,导出失败
4009,Eksport vellykket,Export Success,导出成功
4010,niveau,Level,级别
4011,journal,Logs,日志
4012,niveau,Logs Level,级别
4013,oplysninger,Message,信息
4014,Skabelon,Message Template,模板
4015,attribut,Properties,属性
4016,søg,Search,搜索
4017,可用功能,See all available options,Tilgængeligeunktioner
4018,tid,Time Stamp,时间
4019,at give tilladelse,Authorization,授权
4020,unormal,Exception,异常
4021,Eksportér til Excel,Export Excel,导出 Excel
4022,Eksport mislykkedes,Export fail,导出失败
4023,Eksport vellykket,Export Success,导出成功
4024,niveau,Level,级别
4025,journal,Logs,日志
4026,niveau,Logs Level,级别
4027,oplysninger,Message,信息
4028,Skabelon,Message Template,模板
4029,attribut,Properties,属性
4030,søg,Search,搜索
4031,可用功能,See all available options,Tilgængeligeunktioner
4032,tid,Time Stamp,时间
4033,at give tilladelse,Authorization,授权
4034,unormal,Exception,异常
4035,Eksportér til Excel,Export Excel,导出 Excel
4036,Eksport mislykkedes,Export fail,导出失败
4037,Eksport vellykket,Export Success,导出成功
4038,niveau,Level,级别
4039,journal,Logs,日志
4040,niveau,Logs Level,级别
4041,oplysninger,Message,信息
4042,Skabelon,Message Template,模板
4043,attribut,Properties,属性
4044,søg,Search,搜索
4045,可用功能,See all available options,Tilgængeligeunktioner
4046,tid,Time Stamp,时间
4047,at give tilladelse,Authorization,授权
4048,unormal,Exception,异常
4049,Eksportér til Excel,Export Excel,导出 Excel
4050,Eksport mislykkedes,Export fail,导出失败
4051,Eksport vellykket,Export Success,导出成功
4052,niveau,Level,级别
4053,journal,Logs,日志
4054,niveau,Logs Level,级别
4055,oplysninger,Message,信息
4056,Skabelon,Message Template,模板
4057,attribut,Properties,属性
4058,søg,Search,搜索
4059,可用功能,See all available options,Tilgængeligeunktioner
4060,tid,Time Stamp,时间
4061,at give tilladelse,Authorization,授权
4062,unormal,Exception,异常
4063,Eksportér til Excel,Export Excel,导出 Excel
4064,Eksport mislykkedes,Export fail,导出失败
4065,Eksport vellykket,Export Success,导出成功
4066,niveau,Level,级别
4067,journal,Logs,日志
4068,niveau,Logs Level,级别
4069,oplysninger,Message,信息
4070,Skabelon,Message Template,模板
4071,attribut,Properties,属性
4072,søg,Search,搜索
4073,可用功能,See all available options,Tilgængeligeunktioner
4074,tid,Time Stamp,时间
4075,at give tilladelse,Authorization,授权
4076,unormal,Exception,异常
4077,Eksportér til Excel,Export Excel,导出 Excel
4078,Eksport mislykkedes,Export fail,导出失败
4079,Eksport vellykket,Export Success,导出成功
4080,niveau,Level,级别
4081,journal,Logs,日志
4082,niveau,Logs Level,级别
4083,oplysninger,Message,信息
4084,Skabelon,Message Template,模板
4085,attribut,Properties,属性
4086,søg,Search,搜索
4087,可用功能,See all available options,Tilgængeligeunktioner
4088,tid,Time Stamp,时间
4089,at give tilladelse,Authorization,授权
4090,unormal,Exception,异常
4091,Eksportér til Excel,Export Excel,导出 Excel
4092,Eksport mislykkedes,Export fail,导出失败
4093,Eksport vellykket,Export Success,导出成功
4094,niveau,Level,级别
4095,journal,Logs,日志
4096,niveau,Logs Level,级别
4097,oplysninger,Message,信息
4098,Skabelon,Message Template,模板
4099,attribut,Properties,属性
4100,søg,Search,搜索
4101,可用功能,See all available options,Tilgængeligeunktioner
4102,tid,Time Stamp,时间
4103,at give tilladelse,Authorization,授权
4104,unormal,Exception,异常
4105,Eksportér til Excel,Export Excel,导出 Excel
4106,Eksport mislykkedes,Export fail,导出失败
4107,Eksport vellykket,Export Success,导出成功
4108,niveau,Level,级别
4109,journal,Logs,日志
4110,niveau,Logs Level,级别
4111,oplysninger,Message,信息
4112,Skabelon,Message Template,模板
4113,attribut,Properties,属性
4114,søg,Search,搜索
4115,可用功能,See all available options,Tilgængeligeunktioner
4116,tid,Time Stamp,时间
4117,at give tilladelse,Authorization,授权
4118,unormal,Exception,异常
4119,Eksportér til Excel,Export Excel,导出 Excel
4120,Eksport mislykkedes,Export fail,导出失败
4121,Eksport vellykket,Export Success,导出成功
4122,niveau,Level,级别
4123,journal,Logs,日志
4124,niveau,Logs Level,级别
4125,oplysninger,Message,信息
4126,Skabelon,Message Template,模板
4127,attribut,Properties,属性
4128,søg,Search,搜索
4129,可用功能,See all available options,Tilgængeligeunktioner
4130,tid,Time Stamp,时间
4131,at give tilladelse,Authorization,授权
4132,unormal,Exception,异常
4133,Eksportér til Excel,Export Excel,导出 Excel
4134,Eksport mislykkedes,Export fail,导出失败
4135,Eksport vellykket,Export Success,导出成功
4136,niveau,Level,级别
4137,journal,Logs,日志
4138,niveau,Logs Level,级别
4139,oplysninger,Message,信息
4140,Skabelon,Message Template,模板
4141,attribut,Properties,属性
4142,søg,Search,搜索
4143,可用功能,See all available options,Tilgængeligeunktioner
4144,tid,Time Stamp,时间
4145,at give tilladelse,Authorization,授权
4146,unormal,Exception,异常
4147,Eksportér til Excel,Export Excel,导出 Excel
4148,Eksport mislykkedes,Export fail,导出失败
4149,Eksport vellykket,Export Success,导出成功
4150,niveau,Level,级别
4151,journal,Logs,日志
4152,niveau,Logs Level,级别
4153,oplysninger,Message,信息
4154,Skabelon,Message Template,模板
4155,attribut,Properties,属性
4156,søg,Search,搜索
4157,可用功能,See all available options,Tilgængeligeunktioner
4158,tid,Time Stamp,时间
4159,at give tilladelse,Authorization,授权
4160,unormal,Exception,异常
4161,Eksportér til Excel,Export Excel,导出 Excel
4162,Eksport mislykkedes,Export fail,导出失败
4163,Eksport vellykket,Export Success,导出成功
4164,niveau,Level,级别
4165,journal,Logs,日志
4166,niveau,Logs Level,级别
4167,oplysninger,Message,信息
4168,Skabelon,Message Template,模板
4169,attribut,Properties,属性
4170,søg,Search,搜索
4171,可用功能,See all available options,Tilgængeligeunktioner
4172,tid,Time Stamp,时间
4173,at give tilladelse,Authorization,授权
4174,unormal,Exception,异常
4175,Eksportér til Excel,Export Excel,导出 Excel
4176,Eksport mislykkedes,Export fail,导出失败
4177,Eksport vellykket,Export Success,导出成功
4178,niveau,Level,级别
4179,journal,Logs,日志
4180,niveau,Logs Level,级别
4181,oplysninger,Message,信息
4182,Skabelon,Message Template,模板
4183,attribut,Properties,属性
4184,søg,Search,搜索
4185,可用功能,See all available options,Tilgængeligeunktioner
4186,tid,Time Stamp,时间
4187,at give tilladelse,Authorization,授权
4188,unormal,Exception,异常
4189,Eksportér til Excel,Export Excel,导出 Excel
4190,Eksport mislykkedes,Export fail,导出失败
4191,Eksport vellykket,Export Success,导出成功
4192,niveau,Level,级别
4193,journal,Logs,日志
4194,niveau,Logs Level,级别
4195,oplysninger,Message,信息
4196,Skabelon,Message Template,模板
4197,attribut,Properties,属性
4198,søg,Search,搜索
4199,可用功能,See all available options,Tilgængeligeunktioner
4200,tid,Time Stamp,时间
4201,at give tilladelse,Authorization,授权
4202,unormal,Exception,异常
4203,Eksportér til Excel,Export Excel,导出 Excel
4204,Eksport mislykkedes,Export fail,导出失败
4205,Eksport vellykket,Export Success,导出成功
4206,niveau,Level,级别
4207,journal,Logs,日志
4208,niveau,Logs Level,级别
4209,oplysninger,Message,信息
4210,Skabelon,Message Template,模板
4211,attribut,Properties,属性
4212,søg,Search,搜索
4213,可用功能,See all available options,Tilgængeligeunktioner
4214,tid,Time Stamp,时间
4215,at give tilladelse,Authorization,授权
4216,unormal,Exception,异常
4217,Eksportér til Excel,Export Excel,导出 Excel
4218,Eksport mislykkedes,Export fail,导出失败
4219,Eksport vellykket,Export Success,导出成功
4220,niveau,Level,级别
4221,journal,Logs,日志
4222,niveau,Logs Level,级别
4223,oplysninger,Message,信息
4224,Skabelon,Message Template,模板
4225,attribut,Properties,属性
4226,søg,Search,搜索
4227,可用功能,See all available options,Tilgængeligeunktioner
4228,tid,Time Stamp,时间
4229,at give tilladelse,Authorization,授权
4230,unormal,Exception,异常
4231,Eksportér til Excel,Export Excel,导出 Excel
4232,Eksport mislykkedes,Export fail,导出失败
4233,Eksport vellykket,Export Success,导出成功
4234,niveau,Level,级别
4235,journal,Logs,日志
4236,niveau,Logs Level,级别
4237,oplysninger,Message,信息
4238,Skabelon,Message Template,模板
4239,attribut,Properties,属性
4240,søg,Search,搜索
4241,可用功能,See all available options,Tilgængeligeunktioner
4242,tid,Time Stamp,时间
4243,at give tilladelse,Authorization,授权
4244,unormal,Exception,异常
4245,Eksportér til Excel,Export Excel,导出 Excel
4246,Eksport mislykkedes,Export fail,导出失败
4247,Eksport vellykket,Export Success,导出成功
4248,niveau,Level,级别
4249,journal,Logs,日志
4250,niveau,Logs Level,级别
4251,oplysninger,Message,信息
4252,Skabelon,Message Template,模板
4253,attribut,Properties,属性
4254,søg,Search,搜索
4255,可用功能,See all available options,Tilgængeligeunktioner
4256,tid,Time Stamp,时间
4257,at give tilladelse,Authorization,授权
4258,unormal,Exception,异常
4259,Eksportér til Excel,Export Excel,导出 Excel
4260,Eksport mislykkedes,Export fail,导出失败
4261,Eksport vellykket,Export Success,导出成功
4262,niveau,Level,级别
4263,journal,Logs,日志
4264,niveau,Logs Level,级别
4265,oplysninger,Message,信息
4266,Skabelon,Message Template,模板
4267,attribut,Properties,属性
4268,søg,Search,搜索
4269,可用功能,See all available options,Tilgængeligeunktioner
4270,tid,Time Stamp,时间
4271,at give tilladelse,Authorization,授权
4272,unormal,Exception,异常
4273,Eksportér til Excel,Export Excel,导出 Excel
4274,Eksport mislykkedes,Export fail,导出失败
4275,Eksport vellykket,Export Success,导出成功
4276,niveau,Level,级别
4277,journal,Logs,日志
4278,niveau,Logs Level,级别
4279,oplysninger,Message,信息
4280,Skabelon,Message Template,模板
4281,attribut,Properties,属性
4282,søg,Search,搜索
4283,可用功能,See all available options,Tilgængeligeunktioner
4284,tid,Time Stamp,时间
4285,at give tilladelse,Authorization,授权
4286,unormal,Exception,异常
4287,Eksportér til Excel,Export Excel,导出 Excel
4288,Eksport mislykkedes,Export fail,导出失败
4289,Eksport vellykket,Export Success,导出成功
4290,niveau,Level,级别
4291,journal,Logs,日志
4292,niveau,Logs Level,级别
4293,oplysninger,Message,信息
4294,Skabelon,Message Template,模板
4295,attribut,Properties,属性
4296,søg,Search,搜索
4297,可用功能,See all available options,Tilgængeligeunktioner
4298,tid,Time Stamp,时间
4299,at give tilladelse,Authorization,授权
4300,unormal,Exception,异常
4301,Eksportér til Excel,Export Excel,导出 Excel
4302,Eksport mislykkedes,Export fail,导出失败
4303,Eksport vellykket,Export Success,导出成功
4304,niveau,Level,级别
4305,journal,Logs,日志
4306,niveau,Logs Level,级别
4307,oplysninger,Message,信息
4308,Skabelon,Message Template,模板
4309,attribut,Properties,属性
4310,søg,Search,搜索
4311,可用功能,See all available options,Tilgængeligeunktioner
4312,tid,Time Stamp,时间
4313,at give tilladelse,Authorization,授权
4314,unormal,Exception,异常
4315,Eksportér til Excel,Export Excel,导出 Excel
4316,Eksport mislykkedes,Export fail,导出失败
4317,Eksport vellykket,Export Success,导出成功
4318,niveau,Level,级别
4319,journal,Logs,日志
4320,niveau,Logs Level,级别
4321,oplysninger,Message,信息
4322,Skabelon,Message Template,模板
4323,attribut,Properties,属性
4324,søg,Search,搜索
4325,可用功能,See all available options,Tilgængeligeunktioner
4326,tid,Time Stamp,时间
4327,at give tilladelse,Authorization,授权
4328,unormal,Exception,异常
4329,Eksportér til Excel,Export Excel,导出 Excel
4330,Eksport mislykkedes,Export fail,导出失败
4331,Eksport vellykket,Export Success,导出成功
4332,niveau,Level,级别
4333,journal,Logs,日志
4334,niveau,Logs Level,级别
4335,oplysninger,Message,信息
4336,Skabelon,Message Template,模板
4337,attribut,Properties,属性
4338,søg,Search,搜索
4339,可用功能,See all available options,Tilgængeligeunktioner
4340,tid,Time Stamp,时间
4341,at give tilladelse,Authorization,授权
4342,unormal,Exception,异常
4343,Eksportér til Excel,Export Excel,导出 Excel
4344,Eksport mislykkedes,Export fail,导出失败
4345,Eksport vellykket,Export Success,导出成功
4346,niveau,Level,级别
4347,journal,Logs,日志
4348,niveau,Logs Level,级别
4349,oplysninger,Message,信息
4350,Skabelon,Message Template,模板
4351,attribut,Properties,属性
4352,søg,Search,搜索
4353,可用功能,See all available options,Tilgængeligeunktioner
4354,tid,Time Stamp,时间
4355,at give tilladelse,Authorization,授权
4356,unormal,Exception,异常
4357,Eksportér til Excel,Export Excel,导出 Excel
4358,Eksport mislykkedes,Export fail,导出失败
4359,Eksport vellykket,Export Success,导出成功
4360,niveau,Level,级别
4361,journal,Logs,日志
4362,niveau,Logs Level,级别
4363,oplysninger,Message,信息
4364,Skabelon,Message Template,模板
4365,attribut,Properties,属性
4366,søg,Search,搜索
4367,可用功能,See all available options,Tilgængeligeunktioner
4368,tid,Time Stamp,时间
4369,at give tilladelse,Authorization,授权
4370,unormal,Exception,异常
4371,Eksportér til Excel,Export Excel,导出 Excel
4372,Eksport mislykkedes,Export fail,导出失败
4373,Eksport vellykket,Export Success,导出成功
4374,niveau,Level,级别
4375,journal,Logs,日志
4376,niveau,Logs Level,级别
4377,oplysninger,Message,信息
4378,Skabelon,Message Template,模板
4379,attribut,Properties,属性
4380,søg,Search,搜索
4381,可用功能,See all available options,Tilgængeligeunktioner
4382,tid,Time Stamp,时间
4383,at give tilladelse,Authorization,授权
4384,unormal,Exception,异常
4385,Eksportér til Excel,Export Excel,导出 Excel
4386,Eksport mislykkedes,Export fail,导出失败
4387,Eksport vellykket,Export Success,导出成功
4388,niveau,Level,级别
4389,journal,Logs,日志
4390,niveau,Logs Level,级别
4391,oplysninger,Message,信息
4392,Skabelon,Message Template,模板
4393,attribut,Properties,属性
4394,søg,Search,搜索
4395,可用功能,See all available options,Tilgængeligeunktioner
4396,tid,Time Stamp,时间
4397,at give tilladelse,Authorization,授权
4398,unormal,Exception,异常
4399,Eksportér til Excel,Export Excel,导出 Excel
4400,Eksport mislykkedes,Export fail,导出失败
4401,Eksport vellykket,Export Success,导出成功
4402,niveau,Level,级别
4403,journal,Logs,日志
4404,niveau,Logs Level,级别
4405,oplysninger,Message,信息
4406,Skabelon,Message Template,模板
4407,attribut,Properties,属性
4408,søg,Search,搜索
4409,可用功能,See all available options,Tilgængeligeunktioner
4410,tid,Time Stamp,时间
4411,at give tilladelse,Authorization,授权
4412,unormal,Exception,异常
4413,Eksportér til Excel,Export Excel,导出 Excel
4414,Eksport mislykkedes,Export fail,导出失败
4415,Eksport vellykket,Export Success,导出成功
4416,niveau,Level,级别
4417,journal,Logs,日志
4418,niveau,Logs Level,级别
4419,oplysninger,Message,信息
4420,Skabelon,Message Template,模板
4421,attribut,Properties,属性
4422,søg,Search,搜索
4423,可用功能,See all available options,Tilgængeligeunktioner
4424,tid,Time Stamp,时间
4425,at give tilladelse,Authorization,授权
4426,unormal,Exception,异常
4427,Eksportér til Excel,Export Excel,导出 Excel
4428,Eksport mislykkedes,Export fail,导出失败
4429,Eksport vellykket,Export Success,导出成功
4430,niveau,Level,级别
4431,journal,Logs,日志
4432,niveau,Logs Level,级别
4433,oplysninger,Message,信息
4434,Skabelon,Message Template,模板
4435,attribut,Properties,属性
4436,søg,Search,搜索
4437,可用功能,See all available options,Tilgængeligeunktioner
4438,tid,Time Stamp,时间
4439,at give tilladelse,Authorization,授权
4440,unormal,Exception,异常
4441,Eksportér til Excel,Export Excel,导出 Excel
4442,Eksport mislykkedes,Export fail,导出失败
4443,Eksport vellykket,Export Success,导出成功
4444,niveau,Level,级别
4445,journal,Logs,日志
4446,niveau,Logs Level,级别
4447,oplysninger,Message,信息
4448,Skabelon,Message Template,模板
4449,attribut,Properties,属性
4450,søg,Search,搜索
4451,可用功能,See all available options,Tilgængeligeunktioner
4452,tid,Time Stamp,时间
4453,at give tilladelse,Authorization,授权
4454,unormal,Exception,异常
4455,Eksportér til Excel,Export Excel,导出 Excel
4456,Eksport mislykkedes,Export fail,导出失败
4457,Eksport vellykket,Export Success,导出成功
4458,niveau,Level,级别
4459,journal,Logs,日志
4460,niveau,Logs Level,级别
4461,oplysninger,Message,信息
4462,Skabelon,Message Template,模板
4463,attribut,Properties,属性
4464,søg,Search,搜索
4465,可用功能,See all available options,Tilgængeligeunktioner
4466,tid,Time Stamp,时间
4467,at give tilladelse,Authorization,授权
4468,unormal,Exception,异常
4469,Eksportér til Excel,Export Excel,导出 Excel
4470,Eksport mislykkedes,Export fail,导出失败
4471,Eksport vellykket,Export Success,导出成功
4472,niveau,Level,级别
4473,journal,Logs,日志
4474,niveau,Logs Level,级别
4475,oplysninger,Message,信息
4476,Skabelon,Message Template,模板
4477,attribut,Properties,属性
4478,søg,Search,搜索
4479,可用功能,See all available options,Tilgængeligeunktioner
4480,tid,Time Stamp,时间
4481,at give tilladelse,Authorization,授权
4482,unormal,Exception,异常
4483,Eksportér til Excel,Export Excel,导出 Excel
4484,Eksport mislykkedes,Export fail,导出失败
4485,Eksport vellykket,Export Success,导出成功
4486,niveau,Level,级别
4487,journal,Logs,日志
4488,niveau,Logs Level,级别
4489,oplysninger,Message,信息
4490,Skabelon,Message Template,模板
4491,attribut,Properties,属性
4492,søg,Search,搜索
4493,可用功能,See all available options,Tilgængeligeunktioner
4494,tid,Time Stamp,时间
4495,at give tilladelse,Authorization,授权
4496,unormal,Exception,异常
4497,Eksportér til Excel,Export Excel,导出 Excel
4498,Eksport mislykkedes,Export fail,导出失败
4499,Eksport vellykket,Export Success,导出成功
4500,niveau,Level,级别
4501,journal,Logs,日志
4502,niveau,Logs Level,级别
4503,oplysninger,Message,信息
4504,Skabelon,Message Template,模板
4505,attribut,Properties,属性
4506,søg,Search,搜索
4507,可用功能,See all available options,Tilgængeligeunktioner
4508,tid,Time Stamp,时间
4509,at give tilladelse,Authorization,授权
4510,unormal,Exception,异常
4511,Eksportér til Excel,Export Excel,导出 Excel
4512,Eksport mislykkedes,Export fail,导出失败
4513,Eksport vellykket,Export Success,导出成功
4514,niveau,Level,级别
4515,journal,Logs,日志
4516,niveau,Logs Level,级别
4517,oplysninger,Message,信息
4518,Skabelon,Message Template,模板
4519,attribut,Properties,属性
4520,søg,Search,搜索
4521,可用功能,See all available options,Tilgængeligeunktioner
4522,tid,Time Stamp,时间
4523,at give tilladelse,Authorization,授权
4524,unormal,Exception,异常
4525,Eksportér til Excel,Export Excel,导出 Excel
4526,Eksport mislykkedes,Export fail,导出失败
4527,Eksport vellykket,Export Success,导出成功
4528,niveau,Level,级别
4529,journal,Logs,日志
4530,niveau,Logs Level,级别
4531,oplysninger,Message,信息
4532,Skabelon,Message Template,模板
4533,attribut,Properties,属性
4534,søg,Search,搜索
4535,可用功能,See all available options,Tilgængeligeunktioner
4536,tid,Time Stamp,时间
4537,at give tilladelse,Authorization,授权
4538,unormal,Exception,异常
4539,Eksportér til Excel,Export Excel,导出 Excel
4540,Eksport mislykkedes,Export fail,导出失败
4541,Eksport vellykket,Export Success,导出成功
4542,niveau,Level,级别
4543,journal,Logs,日志
4544,niveau,Logs Level,级别
4545,oplysninger,Message,信息
4546,Skabelon,Message Template,模板
4547,attribut,Properties,属性
4548,søg,Search,搜索
4549,可用功能,See all available options,Tilgængeligeunktioner
4550,tid,Time Stamp,时间
4551,at give tilladelse,Authorization,授权
4552,unormal,Exception,异常
4553,Eksportér til Excel,Export Excel,导出 Excel
4554,Eksport mislykkedes,Export fail,导出失败
4555,Eksport vellykket,Export Success,导出成功
4556,niveau,Level,级别
4557,journal,Logs,日志
4558,niveau,Logs Level,级别
4559,oplysninger,Message,信息
4560,Skabelon,Message Template,模板
4561,attribut,Properties,属性
4562,søg,Search,搜索
4563,可用功能,See all available options,Tilgængeligeunktioner
4564,tid,Time Stamp,时间
4565,at give tilladelse,Authorization,授权
4566,unormal,Exception,异常
4567,Eksportér til Excel,Export Excel,导出 Excel
4568,Eksport mislykkedes,Export fail,导出失败
4569,Eksport vellykket,Export Success,导出成功
4570,niveau,Level,级别
4571,journal,Logs,日志
4572,niveau,Logs Level,级别
4573,oplysninger,Message,信息
4574,Skabelon,Message Template,模板
4575,attribut,Properties,属性
4576,søg,Search,搜索
4577,可用功能,See all available options,Tilgængeligeunktioner
4578,tid,Time Stamp,时间
4579,at give tilladelse,Authorization,授权
4580,unormal,Exception,异常
4581,Eksportér til Excel,Export Excel,导出 Excel
4582,Eksport mislykkedes,Export fail,导出失败
4583,Eksport vellykket,Export Success,导出成功
4584,niveau,Level,级别
4585,journal,Logs,日志
4586,niveau,Logs Level,级别
4587,oplysninger,Message,信息
4588,Skabelon,Message Template,模板
4589,attribut,Properties,属性
4590,søg,Search,搜索
4591,可用功能,See all available options,Tilgængeligeunktioner
4592,tid,Time Stamp,时间
4593,at give tilladelse,Authorization,授权
4594,unormal,Exception,异常
4595,Eksportér til Excel,Export Excel,导出 Excel
4596,Eksport mislykkedes,Export fail,导出失败
4597,Eksport vellykket,Export Success,导出成功
4598,niveau,Level,级别
4599,journal,Logs,日志
4600,niveau,Logs Level,级别
4601,oplysninger,Message,信息
4602,Skabelon,Message Template,模板
4603,attribut,Properties,属性
4604,søg,Search,搜索
4605,可用功能,See all available options,Tilgængeligeunktioner
4606,tid,Time Stamp,时间
4607,at give tilladelse,Authorization,授权
4608,unormal,Exception,异常
4609,Eksportér til Excel,Export Excel,导出 Excel
4610,Eksport mislykkedes,Export fail,导出失败
4611,Eksport vellykket,Export Success,导出成功
4612,niveau,Level,级别
4613,journal,Logs,日志
4614,niveau,Logs Level,级别
4615,oplysninger,Message,信息
4616,Skabelon,Message Template,模板
4617,attribut,Properties,属性
4618,søg,Search,搜索
4619,可用功能,See all available options,Tilgængeligeunktioner
4620,tid,Time Stamp,时间
4621,at give tilladelse,Authorization,授权
4622,unormal,Exception,异常
4623,Eksportér til Excel,Export Excel,导出 Excel
4624,Eksport mislykkedes,Export fail,导出失败
4625,Eksport vellykket,Export Success,导出成功
4626,niveau,Level,级别
4627,journal,Logs,日志
4628,niveau,Logs Level,级别
4629,oplysninger,Message,信息
4630,Skabelon,Message Template,模板
4631,attribut,Properties,属性
4632,søg,Search,搜索
4633,可用功能,See all available options,Tilgængeligeunktioner
4634,tid,Time Stamp,时间
4635,at give tilladelse,Authorization,授权
4636,unormal,Exception,异常
4637,Eksportér til Excel,Export Excel,导出 Excel
4638,Eksport mislykkedes,Export fail,导出失败
4639,Eksport vellykket,Export Success,导出成功
4640,niveau,Level,级别
4641,journal,Logs,日志
4642,niveau,Logs Level,级别
4643,oplysninger,Message,信息
4644,Skabelon,Message Template,模板
4645,attribut,Properties,属性
4646,søg,Search,搜索
4647,可用功能,See all available options,Tilgængeligeunktioner
4648,tid,Time Stamp,时间
4649,at give tilladelse,Authorization,授权
4650,unormal,Exception,异常
4651,Eksportér til Excel,Export Excel,导出 Excel
4652,Eksport mislykkedes,Export fail,导出失败
4653,Eksport vellykket,Export Success,导出成功
4654,niveau,Level,级别
4655,journal,Logs,日志
4656,niveau,Logs Level,级别
4657,oplysninger,Message,信息
4658,Skabelon,Message Template,模板
4659,attribut,Properties,属性
4660,søg,Search,搜索
4661,可用功能,See all available options,Tilgængeligeunktioner
4662,tid,Time Stamp,时间
4663,at give tilladelse,Authorization,授权
4664,unormal,Exception,异常
4665,Eksportér til Excel,Export Excel,导出 Excel
4666,Eksport mislykkedes,Export fail,导出失败
4667,Eksport vellykket,Export Success,导出成功
4668,niveau,Level,级别
4669,journal,Logs,日志
4670,niveau,Logs Level,级别
4671,oplysninger,Message,信息
4672,Skabelon,Message Template,模板
4673,attribut,Properties,属性
4674,søg,Search,搜索
4675,可用功能,See all available options,Tilgængeligeunktioner
4676,tid,Time Stamp,时间
4677,at give tilladelse,Authorization,授权
4678,unormal,Exception,异常
4679,Eksportér til Excel,Export Excel,导出 Excel
4680,Eksport mislykkedes,Export fail,导出失败
4681,Eksport vellykket,Export Success,导出成功
4682,niveau,Level,级别
4683,journal,Logs,日志
4684,niveau,Logs Level,级别
4685,oplysninger,Message,信息
4686,Skabelon,Message Template,模板
4687,attribut,Properties,属性
4688,søg,Search,搜索
4689,可用功能,See all available options,Tilgængeligeunktioner
4690,tid,Time Stamp,时间
4691,at give tilladelse,Authorization,授权
4692,unormal,Exception,异常
4693,Eksportér til Excel,Export Excel,导出 Excel
4694,Eksport mislykkedes,Export fail,导出失败
4695,Eksport vellykket,Export Success,导出成功
4696,niveau,Level,级别
4697,journal,Logs,日志
4698,niveau,Logs Level,级别
4699,oplysninger,Message,信息
4700,Skabelon,Message Template,模板
4701,attribut,Properties,属性
4702,søg,Search,搜索
4703,可用功能,See all available options,Tilgængeligeunktioner
4704,tid,Time Stamp,时间
4705,at give tilladelse,Authorization,授权
4706,unormal,Exception,异常
4707,Eksportér til Excel,Export Excel,导出 Excel
4708,Eksport mislykkedes,Export fail,导出失败
4709,Eksport vellykket,Export Success,导出成功
4710,niveau,Level,级别
4711,journal,Logs,日志
4712,niveau,Logs Level,级别
4713,oplysninger,Message,信息
4714,Skabelon,Message Template,模板
4715,attribut,Properties,属性
4716,søg,Search,搜索
4717,可用功能,See all available options,Tilgængeligeunktioner
4718,tid,Time Stamp,时间
4719,at give tilladelse,Authorization,授权
4720,unormal,Exception,异常
4721,Eksportér til Excel,Export Excel,导出 Excel
4722,Eksport mislykkedes,Export fail,导出失败
4723,Eksport vellykket,Export Success,导出成功
4724,niveau,Level,级别
4725,journal,Logs,日志
4726,niveau,Logs Level,级别
4727,oplysninger,Message,信息
4728,Skabelon,Message Template,模板
4729,attribut,Properties,属性
4730,søg,Search,搜索
4731,可用功能,See all available options,Tilgængeligeunktioner
4732,tid,Time Stamp,时间
4733,at give tilladelse,Authorization,授权
4734,unormal,Exception,异常
4735,Eksportér til Excel,Export Excel,导出 Excel
4736,Eksport mislykkedes,Export fail,导出失败
4737,Eksport vellykket,Export Success,导出成功
4738,niveau,Level,级别
4739,journal,Logs,日志
4740,niveau,Logs Level,级别
4741,oplysninger,Message,信息
4742,Skabelon,Message Template,模板
4743,attribut,Properties,属性
4744,søg,Search,搜索
4745,可用功能,See all available options,Tilgængeligeunktioner
4746,tid,Time Stamp,时间
4747,at give tilladelse,Authorization,授权
4748,unormal,Exception,异常
4749,Eksportér til Excel,Export Excel,导出 Excel
4750,Eksport mislykkedes,Export fail,导出失败
4751,Eksport vellykket,Export Success,导出成功
4752,niveau,Level,级别
4753,journal,Logs,日志
4754,niveau,Logs Level,级别
4755,oplysninger,Message,信息
4756,Skabelon,Message Template,模板
4757,attribut,Properties,属性
4758,søg,Search,搜索
4759,可用功能,See all available options,Tilgængeligeunktioner
4760,tid,Time Stamp,时间
4761,at give tilladelse,Authorization,授权
4762,unormal,Exception,异常
4763,Eksportér til Excel,Export Excel,导出 Excel
4764,Eksport mislykkedes,Export fail,导出失败
4765,Eksport vellykket,Export Success,导出成功
4766,niveau,Level,级别
4767,journal,Logs,日志
4768,niveau,Logs Level,级别
4769,oplysninger,Message,信息
4770,Skabelon,Message Template,模板
4771,attribut,Properties,属性
4772,søg,Search,搜索
4773,可用功能,See all available options,Tilgængeligeunktioner
4774,tid,Time Stamp,时间
4775,at give tilladelse,Authorization,授权
4776,unormal,Exception,异常
4777,Eksportér til Excel,Export Excel,导出 Excel
4778,Eksport mislykkedes,Export fail,导出失败
4779,Eksport vellykket,Export Success,导出成功
4780,niveau,Level,级别
4781,journal,Logs,日志
4782,niveau,Logs Level,级别
4783,oplysninger,Message,信息
4784,Skabelon,Message Template,模板
4785,attribut,Properties,属性
4786,søg,Search,搜索
4787,可用功能,See all available options,Tilgængeligeunktioner
4788,tid,Time Stamp,时间
4789,at give tilladelse,Authorization,授权
4790,unormal,Exception,异常
4791,Eksportér til Excel,Export Excel,导出 Excel
4792,Eksport mislykkedes,Export fail,导出失败
4793,Eksport vellykket,Export Success,导出成功
4794,niveau,Level,级别
4795,journal,Logs,日志
4796,niveau,Logs Level,级别
4797,oplysninger,Message,信息
4798,Skabelon,Message Template,模板
4799,attribut,Properties,属性
4800,søg,Search,搜索
4801,可用功能,See all available options,Tilgængeligeunktioner
4802,tid,Time Stamp,时间
4803,at give tilladelse,Authorization,授权
4804,unormal,Exception,异常
4805,Eksportér til Excel,Export Excel,导出 Excel
4806,Eksport mislykkedes,Export fail,导出失败
4807,Eksport vellykket,Export Success,导出成功
4808,niveau,Level,级别
4809,journal,Logs,日志
4810,niveau,Logs Level,级别
4811,oplysninger,Message,信息
4812,Skabelon,Message Template,模板
4813,attribut,Properties,属性
4814,søg,Search,搜索
4815,可用功能,See all available options,Tilgængeligeunktioner
4816,tid,Time Stamp,时间
4817,at give tilladelse,Authorization,授权
4818,unormal,Exception,异常
4819,Eksportér til Excel,Export Excel,导出 Excel
4820,Eksport mislykkedes,Export fail,导出失败
4821,Eksport vellykket,Export Success,导出成功
4822,niveau,Level,级别
4823,journal,Logs,日志
4824,niveau,Logs Level,级别
4825,oplysninger,Message,信息
4826,Skabelon,Message Template,模板
4827,attribut,Properties,属性
4828,søg,Search,搜索
4829,可用功能,See all available options,Tilgængeligeunktioner
4830,tid,Time Stamp,时间
4831,at give tilladelse,Authorization,授权
4832,unormal,Exception,异常
4833,Eksportér til Excel,Export Excel,导出 Excel
4834,Eksport mislykkedes,Export fail,导出失败
4835,Eksport vellykket,Export Success,导出成功
4836,niveau,Level,级别
4837,journal,Logs,日志
4838,niveau,Logs Level,级别
4839,oplysninger,Message,信息
4840,Skabelon,Message Template,模板
4841,attribut,Properties,属性
4842,søg,Search,搜索
4843,可用功能,See all available options,Tilgængeligeunktioner
4844,tid,Time Stamp,时间
4845,at give tilladelse,Authorization,授权
4846,unormal,Exception,异常
4847,Eksportér til Excel,Export Excel,导出 Excel
4848,Eksport mislykkedes,Export fail,导出失败
4849,Eksport vellykket,Export Success,导出成功
4850,niveau,Level,级别
4851,journal,Logs,日志
4852,niveau,Logs Level,级别
4853,oplysninger,Message,信息
4854,Skabelon,Message Template,模板
4855,attribut,Properties,属性
4856,søg,Search,搜索
4857,可用功能,See all available options,Tilgængeligeunktioner
4858,tid,Time Stamp,时间
4859,at give tilladelse,Authorization,授权
4860,unormal,Exception,异常
4861,Eksportér til Excel,Export Excel,导出 Excel
4862,Eksport mislykkedes,Export fail,导出失败
4863,Eksport vellykket,Export Success,导出成功
4864,niveau,Level,级别
4865,journal,Logs,日志
4866,niveau,Logs Level,级别
4867,oplysninger,Message,信息
4868,Skabelon,Message Template,模板
4869,attribut,Properties,属性
4870,søg,Search,搜索
4871,可用功能,See all available options,Tilgængeligeunktioner
4872,tid,Time Stamp,时间
4873,at give tilladelse,Authorization,授权
4874,unormal,Exception,异常
4875,Eksportér til Excel,Export Excel,导出 Excel
4876,Eksport mislykkedes,Export fail,导出失败
4877,Eksport vellykket,Export Success,导出成功
4878,niveau,Level,级别
4879,journal,Logs,日志
4880,niveau,Logs Level,级别
4881,oplysninger,Message,信息
4882,Skabelon,Message Template,模板
4883,attribut,Properties,属性
4884,søg,Search,搜索
4885,可用功能,See all available options,Tilgængeligeunktioner
4886,tid,Time Stamp,时间
4887,at give tilladelse,Authorization,授权
4888,unormal,Exception,异常
4889,Eksportér til Excel,Export Excel,导出 Excel
4890,Eksport mislykkedes,Export fail,导出失败
4891,Eksport vellykket,Export Success,导出成功
4892,niveau,Level,级别
4893,journal,Logs,日志
4894,niveau,Logs Level,级别
4895,oplysninger,Message,信息
4896,Skabelon,Message Template,模板
4897,attribut,Properties,属性
4898,søg,Search,搜索
4899,可用功能,See all available options,Tilgængeligeunktioner
4900,tid,Time Stamp,时间
4901,at give tilladelse,Authorization,授权
4902,unormal,Exception,异常
4903,Eksportér til Excel,Export Excel,导出 Excel
4904,Eksport mislykkedes,Export fail,导出失败
4905,Eksport vellykket,Export Success,导出成功
4906,niveau,Level,级别
4907,journal,Logs,日志
4908,niveau,Logs Level,级别
4909,oplysninger,Message,信息
4910,Skabelon,Message Template,模板
4911,attribut,Properties,属性
4912,søg,Search,搜索
4913,可用功能,See all available options,Tilgængeligeunktioner
4914,tid,Time Stamp,时间
4915,at give tilladelse,Authorization,授权
4916,unormal,Exception,异常
4917,Eksportér til Excel,Export Excel,导出 Excel
4918,Eksport mislykkedes,Export fail,导出失败
4919,Eksport vellykket,Export Success,导出成功
4920,niveau,Level,级别
4921,journal,Logs,日志
4922,niveau,Logs Level,级别
4923,oplysninger,Message,信息
4924,Skabelon,Message Template,模板
4925,attribut,Properties,属性
4926,søg,Search,搜索
4927,可用功能,See all available options,Tilgængeligeunktioner
4928,tid,Time Stamp,时间
4929,at give tilladelse,Authorization,授权
4930,unormal,Exception,异常
4931,Eksportér til Excel,Export Excel,导出 Excel
4932,Eksport mislykkedes,Export fail,导出失败
4933,Eksport vellykket,Export Success,导出成功
4934,niveau,Level,级别
4935,journal,Logs,日志
4936,niveau,Logs Level,级别
4937,oplysninger,Message,信息
4938,Skabelon,Message Template,模板
4939,attribut,Properties,属性
4940,søg,Search,搜索
4941,可用功能,See all available options,Tilgængeligeunktioner
4942,tid,Time Stamp,时间
4943,at give tilladelse,Authorization,授权
4944,unormal,Exception,异常
4945,Eksportér til Excel,Export Excel,导出 Excel
4946,Eksport mislykkedes,Export fail,导出失败
4947,Eksport vellykket,Export Success,导出成功
4948,niveau,Level,级别
4949,journal,Logs,日志
4950,niveau,Logs Level,级别
4951,oplysninger,Message,信息
4952,Skabelon,Message Template,模板
4953,attribut,Properties,属性
4954,søg,Search,搜索
4955,可用功能,See all available options,Tilgængeligeunktioner
4956,tid,Time Stamp,时间
4957,at give tilladelse,Authorization,授权
4958,unormal,Exception,异常
4959,Eksportér til Excel,Export Excel,导出 Excel
4960,Eksport mislykkedes,Export fail,导出失败
4961,Eksport vellykket,Export Success,导出成功
4962,niveau,Level,级别
4963,journal,Logs,日志
4964,niveau,Logs Level,级别
4965,oplysninger,Message,信息
4966,Skabelon,Message Template,模板
4967,attribut,Properties,属性
4968,søg,Search,搜索
4969,可用功能,See all available options,Tilgængeligeunktioner
4970,tid,Time Stamp,时间
4971,at give tilladelse,Authorization,授权
4972,unormal,Exception,异常
4973,Eksportér til Excel,Export Excel,导出 Excel
4974,Eksport mislykkedes,Export fail,导出失败
4975,Eksport vellykket,Export Success,导出成功
4976,niveau,Level,级别
4977,journal,Logs,日志
4978,niveau,Logs Level,级别
4979,oplysninger,Message,信息
4980,Skabelon,Message Template,模板
4981,attribut,Properties,属性
4982,søg,Search,搜索
4983,可用功能,See all available options,Tilgængeligeunktioner
4984,tid,Time Stamp,时间
4985,at give tilladelse,Authorization,授权
4986,unormal,Exception,异常
4987,Eksportér til Excel,Export Excel,导出 Excel
4988,Eksport mislykkedes,Export fail,导出失败
4989,Eksport vellykket,Export Success,导出成功
4990,niveau,Level,级别
4991,journal,Logs,日志
4992,niveau,Logs Level,级别
4993,oplysninger,Message,信息
4994,Skabelon,Message Template,模板
4995,attribut,Properties,属性
4996,søg,Search,搜索
4997,可用功能,See all available options,Tilgængeligeunktioner
4998,tid,Time Stamp,时间
4999,at give tilladelse,Authorization,授权
5000,unormal,Exception,异常
5001,Eksportér til Excel,Export Excel,导出 Excel
5002,Eksport mislykkedes,Export fail,导出失败
5003,Eksport vellykket,Export Success,导出成功
5004,niveau,Level,级别
5005,journal,Logs,日志
5006,niveau,Logs Level,级别
5007,oplysninger,Message,信息
5008,Skabelon,Message Template,模板
5009,attribut,Properties,属性
5010,søg,Search,搜索
5011,可用功能,See all available options,Tilgængeligeunktioner
5012,tid,Time Stamp,时间
5013,at give tilladelse,Authorization,授权
5014,unormal,Exception,异常
5015,Eksportér til Excel,Export Excel,导出 Excel
5016,Eksport mislykkedes,Export fail,导出失败
5017,Eksport vellykket,Export Success,导出成功
5018,niveau,Level,级别
5019,journal,Logs,日志
5020,niveau,Logs Level,级别
5021,oplysninger,Message,信息
5022,Skabelon,Message Template,模板
5023,attribut,Properties,属性
5024,søg,Search,搜索
5025,可用功能,See all available options,Tilgængeligeunktioner
5026,tid,Time Stamp,时间
5027,at give tilladelse,Authorization,授权
5028,unormal,Exception,异常
5029,Eksportér til Excel,Export Excel,导出 Excel
5030,Eksport mislykkedes,Export fail,导出失败
5031,Eksport vellykket,Export Success,导出成功
5032,niveau,Level,级别
5033,journal,Logs,日志
5034,niveau,Logs Level,级别
5035,oplysninger,Message,信息
5036,Skabelon,Message Template,模板
5037,attribut,Properties,属性
5038,søg,Search,搜索
5039,可用功能,See all available options,Tilgængeligeunktioner
5040,tid,Time Stamp,时间
5041,at give tilladelse,Authorization,授权
5042,unormal,Exception,异常
5043,Eksportér til Excel,Export Excel,导出 Excel
5044,Eksport mislykkedes,Export fail,导出失败
5045,Eksport vellykket,Export Success,导出成功
5046,niveau,Level,级别
5047,journal,Logs,日志
5048,niveau,Logs Level,级别
5049,oplysninger,Message,信息
5050,Skabelon,Message Template,模板
5051,attribut,Properties,属性
5052,søg,Search,搜索
5053,可用功能,See all available options,Tilgængeligeunktioner
5054,tid,Time Stamp,时间
5055,at give tilladelse,Authorization,授权
5056,unormal,Exception,异常
5057,Eksportér til Excel,Export Excel,导出 Excel
5058,Eksport mislykkedes,Export fail,导出失败
5059,Eksport vellykket,Export Success,导出成功
5060,niveau,Level,级别
5061,journal,Logs,日志
5062,niveau,Logs Level,级别
5063,oplysninger,Message,信息
5064,Skabelon,Message Template,模板
5065,attribut,Properties,属性
5066,søg,Search,搜索
5067,可用功能,See all available options,Tilgængeligeunktioner
5068,tid,Time Stamp,时间
5069,at give tilladelse,Authorization,授权
5070,unormal,Exception,异常
5071,Eksportér til Excel,Export Excel,导出 Excel
5072,Eksport mislykkedes,Export fail,导出失败
5073,Eksport vellykket,Export Success,导出成功
5074,niveau,Level,级别
5075,journal,Logs,日志
5076,niveau,Logs Level,级别
5077,oplysninger,Message,信息
5078,Skabelon,Message Template,模板
5079,attribut,Properties,属性
5080,søg,Search,搜索
5081,可用功能,See all available options,Tilgængeligeunktioner
5082,tid,Time Stamp,时间
5083,at give tilladelse,Authorization,授权
5084,unormal,Exception,异常
5085,Eksportér til Excel,Export Excel,导出 Excel
5086,Eksport mislykkedes,Export fail,导出失败
5087,Eksport vellykket,Export Success,导出成功
5088,niveau,Level,级别
5089,journal,Logs,日志
5090,niveau,Logs Level,级别
5091,oplysninger,Message,信息
5092,Skabelon,Message Template,模板
5093,attribut,Properties,属性
5094,søg,Search,搜索
5095,可用功能,See all available options,Tilgængeligeunktioner
5096,tid,Time Stamp,时间
5097,at give tilladelse,Authorization,授权
5098,unormal,Exception,异常
5099,Eksportér til Excel,Export Excel,导出 Excel
5100,Eksport mislykkedes,Export fail,导出失败
5101,Eksport vellykket,Export Success,导出成功
5102,niveau,Level,级别
5103,journal,Logs,日志
5104,niveau,Logs Level,级别
5105,oplysninger,Message,信息
5106,Skabelon,Message Template,模板
5107,attribut,Properties,属性
5108,søg,Search,搜索
5109,可用功能,See all available options,Tilgængeligeunktioner
5110,tid,Time Stamp,时间
5111,at give tilladelse,Authorization,授权
5112,unormal,Exception,异常
5113,Eksportér til Excel,Export Excel,导出 Excel
5114,Eksport mislykkedes,Export fail,导出失败
5115,Eksport vellykket,Export Success,导出成功
5116,niveau,Level,级别
5117,journal,Logs,日志
5118,niveau,Logs Level,级别
5119,oplysninger,Message,信息
5120,Skabelon,Message Template,模板
5121,attribut,Properties,属性
5122,søg,Search,搜索
5123,可用功能,See all available options,Tilgængeligeunktioner
5124,tid,Time Stamp,时间
5125,at give tilladelse,Authorization,授权
5126,unormal,Exception,异常
5127,Eksportér til Excel,Export Excel,导出 Excel
5128,Eksport mislykkedes,Export fail,导出失败
5129,Eksport vellykket,Export Success,导出成功
5130,niveau,Level,级别
5131,journal,Logs,日志
5132,niveau,Logs Level,级别
5133,oplysninger,Message,信息
5134,Skabelon,Message Template,模板
5135,attribut,Properties,属性
5136,søg,Search,搜索
5137,可用功能,See all available options,Tilgængeligeunktioner
5138,tid,Time Stamp,时间
5139,at give tilladelse,Authorization,授权
5140,unormal,Exception,异常
5141,Eksportér til Excel,Export Excel,导出 Excel
5142,Eksport mislykkedes,Export fail,导出失败
5143,Eksport vellykket,Export Success,导出成功
5144,niveau,Level,级别
5145,journal,Logs,日志
5146,niveau,Logs Level,级别
5147,oplysninger,Message,信息
5148,Skabelon,Message Template,模板
5149,attribut,Properties,属性
5150,søg,Search,搜索
5151,可用功能,See all available options,Tilgængeligeunktioner
5152,tid,Time Stamp,时间
5153,at give tilladelse,Authorization,授权
5154,unormal,Exception,异常
5155,Eksportér til Excel,Export Excel,导出 Excel
5156,Eksport mislykkedes,Export fail,导出失败
5157,Eksport vellykket,Export Success,导出成功
5158,niveau,Level,级别
5159,journal,Logs,日志
5160,niveau,Logs Level,级别
5161,oplysninger,Message,信息
5162,Skabelon,Message Template,模板
5163,attribut,Properties,属性
5164,søg,Search,搜索
5165,可用功能,See all available options,Tilgængeligeunktioner
5166,tid,Time Stamp,时间
5167,at give tilladelse,Authorization,授权
5168,unormal,Exception,异常
5169,Eksportér til Excel,Export Excel,导出 Excel
5170,Eksport mislykkedes,Export fail,导出失败
5171,Eksport vellykket,Export Success,导出成功
5172,niveau,Level,级别
5173,journal,Logs,日志
5174,niveau,Logs Level,级别
5175,oplysninger,Message,信息
5176,Skabelon,Message Template,模板
5177,attribut,Properties,属性
5178,søg,Search,搜索
5179,可用功能,See all available options,Tilgængeligeunktioner
5180,tid,Time Stamp,时间
5181,at give tilladelse,Authorization,授权
5182,unormal,Exception,异常
5183,Eksportér til Excel,Export Excel,导出 Excel
5184,Eksport mislykkedes,Export fail,导出失败
5185,Eksport vellykket,Export Success,导出成功
5186,niveau,Level,级别
5187,journal,Logs,日志
5188,niveau,Logs Level,级别
5189,oplysninger,Message,信息
5190,Skabelon,Message Template,模板
5191,attribut,Properties,属性
5192,søg,Search,搜索
5193,可用功能,See all available options,Tilgængeligeunktioner
5194,tid,Time Stamp,时间
5195,at give tilladelse,Authorization,授权
5196,unormal,Exception,异常
5197,Eksportér til Excel,Export Excel,导出 Excel
5198,Eksport mislykkedes,Export fail,导出失败
5199,Eksport vellykket,Export Success,导出成功
5200,niveau,Level,级别
5201,journal,Logs,日志
5202,niveau,Logs Level,级别
5203,oplysninger,Message,信息
5204,Skabelon,Message Template,模板
5205,attribut,Properties,属性
5206,søg,Search,搜索
5207,可用功能,See all available options,Tilgængeligeunktioner
5208,tid,Time Stamp,时间
5209,at give tilladelse,Authorization,授权
5210,unormal,Exception,异常
5211,Eksportér til Excel,Export Excel,导出 Excel
5212,Eksport mislykkedes,Export fail,导出失败
5213,Eksport vellykket,Export Success,导出成功
5214,niveau,Level,级别
5215,journal,Logs,日志
5216,niveau,Logs Level,级别
5217,oplysninger,Message,信息
5218,Skabelon,Message Template,模板
5219,attribut,Properties,属性
5220,søg,Search,搜索
5221,可用功能,See all available options,Tilgængeligeunktioner
5222,tid,Time Stamp,时间
5223,at give tilladelse,Authorization,授权
5224,unormal,Exception,异常
5225,Eksportér til Excel,Export Excel,导出 Excel
5226,Eksport mislykkedes,Export fail,导出失败
5227,Eksport vellykket,Export Success,导出成功
5228,niveau,Level,级别
5229,journal,Logs,日志
5230,niveau,Logs Level,级别
5231,oplysninger,Message,信息
5232,Skabelon,Message Template,模板
5233,attribut,Properties,属性
5234,søg,Search,搜索
5235,可用功能,See all available options,Tilgængeligeunktioner
5236,tid,Time Stamp,时间
5237,at give tilladelse,Authorization,授权
5238,unormal,Exception,异常
5239,Eksportér til Excel,Export Excel,导出 Excel
5240,Eksport mislykkedes,Export fail,导出失败
5241,Eksport vellykket,Export Success,导出成功
5242,niveau,Level,级别
5243,journal,Logs,日志
5244,niveau,Logs Level,级别
5245,oplysninger,Message,信息
5246,Skabelon,Message Template,模板
5247,attribut,Properties,属性
5248,søg,Search,搜索
5249,可用功能,See all available options,Tilgængeligeunktioner
5250,tid,Time Stamp,时间
5251,at give tilladelse,Authorization,授权
5252,unormal,Exception,异常
5253,Eksportér til Excel,Export Excel,导出 Excel
5254,Eksport mislykkedes,Export fail,导出失败
5255,Eksport vellykket,Export Success,导出成功
5256,niveau,Level,级别
5257,journal,Logs,日志
5258,niveau,Logs Level,级别
5259,oplysninger,Message,信息
5260,Skabelon,Message Template,模板
5261,attribut,Properties,属性
5262,søg,Search,搜索
5263,可用功能,See all available options,Tilgængeligeunktioner
5264,tid,Time Stamp,时间
5265,at give tilladelse,Authorization,授权
5266,unormal,Exception,异常
5267,Eksportér til Excel,Export Excel,导出 Excel
5268,Eksport mislykkedes,Export fail,导出失败
5269,Eksport vellykket,Export Success,导出成功
5270,niveau,Level,级别
5271,journal,Logs,日志
5272,niveau,Logs Level,级别
5273,oplysninger,Message,信息
5274,Skabelon,Message Template,模板
5275,attribut,Properties,属性
5276,søg,Search,搜索
5277,可用功能,See all available options,Tilgængeligeunktioner
5278,tid,Time Stamp,时间
5279,at give tilladelse,Authorization,授权
5280,unormal,Exception,异常
5281,Eksportér til Excel,Export Excel,导出 Excel
5282,Eksport mislykkedes,Export fail,导出失败
5283,Eksport vellykket,Export Success,导出成功
5284,niveau,Level,级别
5285,journal,Logs,日志
5286,niveau,Logs Level,级别
5287,oplysninger,Message,信息
5288,Skabelon,Message Template,模板
5289,attribut,Properties,属性
5290,søg,Search,搜索
5291,可用功能,See all available options,Tilgængeligeunktioner
5292,tid,Time Stamp,时间
5293,at give tilladelse,Authorization,授权
5294,unormal,Exception,异常
5295,Eksportér til Excel,Export Excel,导出 Excel
5296,Eksport mislykkedes,Export fail,导出失败
5297,Eksport vellykket,Export Success,导出成功
5298,niveau,Level,级别
5299,journal,Logs,日志
5300,niveau,Logs Level,级别
5301,oplysninger,Message,信息
5302,Skabelon,Message Template,模板
5303,attribut,Properties,属性
5304,søg,Search,搜索
5305,可用功能,See all available options,Tilgængeligeunktioner
5306,tid,Time Stamp,时间
5307,at give tilladelse,Authorization,授权
5308,unormal,Exception,异常
5309,Eksportér til Excel,Export Excel,导出 Excel
5310,Eksport mislykkedes,Export fail,导出失败
5311,Eksport vellykket,Export Success,导出成功
5312,niveau,Level,级别
5313,journal,Logs,日志
5314,niveau,Logs Level,级别
5315,oplysninger,Message,信息
5316,Skabelon,Message Template,模板
5317,attribut,Properties,属性
5318,søg,Search,搜索
5319,可用功能,See all available options,Tilgængeligeunktioner
5320,tid,Time Stamp,时间
5321,at give tilladelse,Authorization,授权
5322,unormal,Exception,异常
5323,Eksportér til Excel,Export Excel,导出 Excel
5324,Eksport mislykkedes,Export fail,导出失败
5325,Eksport vellykket,Export Success,导出成功
5326,niveau,Level,级别
5327,journal,Logs,日志
5328,niveau,Logs Level,级别
5329,oplysninger,Message,信息
5330,Skabelon,Message Template,模板
5331,attribut,Properties,属性
5332,søg,Search,搜索
5333,可用功能,See all available options,Tilgængeligeunktioner
5334,tid,Time Stamp,时间
5335,at give tilladelse,Authorization,授权
5336,unormal,Exception,异常
5337,Eksportér til Excel,Export Excel,导出 Excel
5338,Eksport mislykkedes,Export fail,导出失败
5339,Eksport vellykket,Export Success,导出成功
5340,niveau,Level,级别
5341,journal,Logs,日志
5342,niveau,Logs Level,级别
5343,oplysninger,Message,信息
5344,Skabelon,Message Template,模板
5345,attribut,Properties,属性
5346,søg,Search,搜索
5347,可用功能,See all available options,Tilgængeligeunktioner
5348,tid,Time Stamp,时间
5349,at give tilladelse,Authorization,授权
5350,unormal,Exception,异常
5351,Eksportér til Excel,Export Excel,导出 Excel
5352,Eksport mislykkedes,Export fail,导出失败
5353,Eksport vellykket,Export Success,导出成功
5354,niveau,Level,级别
5355,journal,Logs,日志
5356,niveau,Logs Level,级别
5357,oplysninger,Message,信息
5358,Skabelon,Message Template,模板
5359,attribut,Properties,属性
5360,søg,Search,搜索
5361,可用功能,See all available options,Tilgængeligeunktioner
5362,tid,Time Stamp,时间
5363,at give tilladelse,Authorization,授权
5364,unormal,Exception,异常
5365,Eksportér til Excel,Export Excel,导出 Excel
5366,Eksport mislykkedes,Export fail,导出失败
5367,Eksport vellykket,Export Success,导出成功
5368,niveau,Level,级别
5369,journal,Logs,日志
5370,niveau,Logs Level,级别
5371,oplysninger,Message,信息
5372,Skabelon,Message Template,模板
5373,attribut,Properties,属性
5374,søg,Search,搜索
5375,可用功能,See all available options,Tilgængeligeunktioner
5376,tid,Time Stamp,时间
5377,at give tilladelse,Authorization,授权
5378,unormal,Exception,异常
5379,Eksportér til Excel,Export Excel,导出 Excel
5380,Eksport mislykkedes,Export fail,导出失败
5381,Eksport vellykket,Export Success,导出成功
5382,niveau,Level,级别
5383,journal,Logs,日志
5384,niveau,Logs Level,级别
5385,oplysninger,Message,信息
5386,Skabelon,Message Template,模板
5387,attribut,Properties,属性
5388,søg,Search,搜索
5389,可用功能,See all available options,Tilgængeligeunktioner
5390,tid,Time Stamp,时间
5391,at give tilladelse,Authorization,授权
5392,unormal,Exception,异常
5393,Eksportér til Excel,Export Excel,导出 Excel
5394,Eksport mislykkedes,Export fail,导出失败
5395,Eksport vellykket,Export Success,导出成功
5396,niveau,Level,级别
5397,journal,Logs,日志
5398,niveau,Logs Level,级别
5399,oplysninger,Message,信息
5400,Skabelon,Message Template,模板
5401,attribut,Properties,属性
5402,søg,Search,搜索
5403,可用功能,See all available options,Tilgængeligeunktioner
5404,tid,Time Stamp,时间
5405,at give tilladelse,Authorization,授权
5406,unormal,Exception,异常
5407,Eksportér til Excel,Export Excel,导出 Excel
5408,Eksport mislykkedes,Export fail,导出失败
5409,Eksport vellykket,Export Success,导出成功
5410,niveau,Level,级别
5411,journal,Logs,日志
5412,niveau,Logs Level,级别
5413,oplysninger,Message,信息
5414,Skabelon,Message Template,模板
5415,attribut,Properties,属性
5416,søg,Search,搜索
5417,可用功能,See all available options,Tilgængeligeunktioner
5418,tid,Time Stamp,时间
5419,at give tilladelse,Authorization,授权
5420,unormal,Exception,异常
5421,Eksportér til Excel,Export Excel,导出 Excel
5422,Eksport mislykkedes,Export fail,导出失败
5423,Eksport vellykket,Export Success,导出成功
5424,niveau,Level,级别
5425,journal,Logs,日志
5426,niveau,Logs Level,级别
5427,oplysninger,Message,信息
5428,Skabelon,Message Template,模板
5429,attribut,Properties,属性
5430,søg,Search,搜索
5431,可用功能,See all available options,Tilgængeligeunktioner
5432,tid,Time Stamp,时间
5433,at give tilladelse,Authorization,授权
5434,unormal,Exception,异常
5435,Eksportér til Excel,Export Excel,导出 Excel
5436,Eksport mislykkedes,Export fail,导出失败
5437,Eksport vellykket,Export Success,导出成功
5438,niveau,Level,级别
5439,journal,Logs,日志
5440,niveau,Logs Level,级别
5441,oplysninger,Message,信息
5442,Skabelon,Message Template,模板
5443,attribut,Properties,属性
5444,søg,Search,搜索
5445,可用功能,See all available options,Tilgængeligeunktioner
5446,tid,Time Stamp,时间
5447,at give tilladelse,Authorization,授权
5448,unormal,Exception,异常
5449,Eksportér til Excel,Export Excel,导出 Excel
5450,Eksport mislykkedes,Export fail,导出失败
5451,Eksport vellykket,Export Success,导出成功
5452,niveau,Level,级别
5453,journal,Logs,日志
5454,niveau,Logs Level,级别
5455,oplysninger,Message,信息
5456,Skabelon,Message Template,模板
5457,attribut,Properties,属性
5458,søg,Search,搜索
5459,可用功能,See all available options,Tilgængeligeunktioner
5460,tid,Time Stamp,时间
5461,at give tilladelse,Authorization,授权
5462,unormal,Exception,异常
5463,Eksportér til Excel,Export Excel,导出 Excel
5464,Eksport mislykkedes,Export fail,导出失败
5465,Eksport vellykket,Export Success,导出成功
5466,niveau,Level,级别
5467,journal,Logs,日志
5468,niveau,Logs Level,级别
5469,oplysninger,Message,信息
5470,Skabelon,Message Template,模板
5471,attribut,Properties,属性
5472,søg,Search,搜索
5473,可用功能,See all available options,Tilgængeligeunktioner
5474,tid,Time Stamp,时间
5475,at give tilladelse,Authorization,授权
5476,unormal,Exception,异常
5477,Eksportér til Excel,Export Excel,导出 Excel
5478,Eksport mislykkedes,Export fail,导出失败
5479,Eksport vellykket,Export Success,导出成功
5480,niveau,Level,级别
5481,journal,Logs,日志
5482,niveau,Logs Level,级别
5483,oplysninger,Message,信息
5484,Skabelon,Message Template,模板
5485,attribut,Properties,属性
5486,søg,Search,搜索
5487,可用功能,See all available options,Tilgængeligeunktioner
5488,tid,Time Stamp,时间
5489,at give tilladelse,Authorization,授权
5490,unormal,Exception,异常
5491,Eksportér til Excel,Export Excel,导出 Excel
5492,Eksport mislykkedes,Export fail,导出失败
5493,Eksport vellykket,Export Success,导出成功
5494,niveau,Level,级别
5495,journal,Logs,日志
5496,niveau,Logs Level,级别
5497,oplysninger,Message,信息
5498,Skabelon,Message Template,模板
5499,attribut,Properties,属性
5500,søg,Search,搜索
5501,可用功能,See all available options,Tilgængeligeunktioner
5502,tid,Time Stamp,时间
5503,at give tilladelse,Authorization,授权
5504,unormal,Exception,异常
5505,Eksportér til Excel,Export Excel,导出 Excel
5506,Eksport mislykkedes,Export fail,导出失败
5507,Eksport vellykket,Export Success,导出成功
5508,niveau,Level,级别
5509,journal,Logs,日志
5510,niveau,Logs Level,级别
5511,oplysninger,Message,信息
5512,Skabelon,Message Template,模板
5513,attribut,Properties,属性
5514,søg,Search,搜索
5515,可用功能,See all available options,Tilgængeligeunktioner
5516,tid,Time Stamp,时间
5517,at give tilladelse,Authorization,授权
5518,unormal,Exception,异常
5519,Eksportér til Excel,Export Excel,导出 Excel
5520,Eksport mislykkedes,Export fail,导出失败
5521,Eksport vellykket,Export Success,导出成功
5522,niveau,Level,级别
5523,journal,Logs,日志
5524,niveau,Logs Level,级别
5525,oplysninger,Message,信息
5526,Skabelon,Message Template,模板
5527,attribut,Properties,属性
5528,søg,Search,搜索
5529,可用功能,See all available options,Tilgængeligeunktioner
5530,tid,Time Stamp,时间
5531,at give tilladelse,Authorization,授权
5532,unormal,Exception,异常
5533,Eksportér til Excel,Export Excel,导出 Excel
5534,Eksport mislykkedes,Export fail,导出失败
5535,Eksport vellykket,Export Success,导出成功
5536,niveau,Level,级别
5537,journal,Logs,日志
5538,niveau,Logs Level,级别
5539,oplysninger,Message,信息
5540,Skabelon,Message Template,模板
5541,attribut,Properties,属性
5542,søg,Search,搜索
5543,可用功能,See all available options,Tilgængeligeunktioner
5544,tid,Time Stamp,时间
5545,at give tilladelse,Authorization,授权
5546,unormal,Exception,异常
5547,Eksportér til Excel,Export Excel,导出 Excel
5548,Eksport mislykkedes,Export fail,导出失败
5549,Eksport vellykket,Export Success,导出成功
5550,niveau,Level,级别
5551,journal,Logs,日志
5552,niveau,Logs Level,级别
5553,oplysninger,Message,信息
5554,Skabelon,Message Template,模板
5555,attribut,Properties,属性
5556,søg,Search,搜索
5557,可用功能,See all available options,Tilgængeligeunktioner
5558,tid,Time Stamp,时间
5559,at give tilladelse,Authorization,授权
5560,unormal,Exception,异常
5561,Eksportér til Excel,Export Excel,导出 Excel
5562,Eksport mislykkedes,Export fail,导出失败
5563,Eksport vellykket,Export Success,导出成功
5564,niveau,Level,级别
5565,journal,Logs,日志
5566,niveau,Logs Level,级别
5567,oplysninger,Message,信息
5568,Skabelon,Message Template,模板
5569,attribut,Properties,属性
5570,søg,Search,搜索
5571,可用功能,See all available options,Tilgængeligeunktioner
5572,tid,Time Stamp,时间
5573,at give tilladelse,Authorization,授权
5574,unormal,Exception,异常
5575,Eksportér til Excel,Export Excel,导出 Excel
5576,Eksport mislykkedes,Export fail,导出失败
5577,Eksport vellykket,Export Success,导出成功
5578,niveau,Level,级别
5579,journal,Logs,日志
5580,niveau,Logs Level,级别
5581,oplysninger,Message,信息
5582,Skabelon,Message Template,模板
5583,attribut,Properties,属性
5584,søg,Search,搜索
5585,可用功能,See all available options,Tilgængeligeunktioner
5586,tid,Time Stamp,时间
5587,at give tilladelse,Authorization,授权
5588,unormal,Exception,异常
5589,Eksportér til Excel,Export Excel,导出 Excel
5590,Eksport mislykkedes,Export fail,导出失败
5591,Eksport vellykket,Export Success,导出成功
5592,niveau,Level,级别
5593,journal,Logs,日志
5594,niveau,Logs Level,级别
5595,oplysninger,Message,信息
5596,Skabelon,Message Template,模板
5597,attribut,Properties,属性
5598,søg,Search,搜索
5599,可用功能,See all available options,Tilgængeligeunktioner
5600,tid,Time Stamp,时间
5601,at give tilladelse,Authorization,授权
5602,unormal,Exception,异常
5603,Eksportér til Excel,Export Excel,导出 Excel
5604,Eksport mislykkedes,Export fail,导出失败
5605,Eksport vellykket,Export Success,导出成功
5606,niveau,Level,级别
5607,journal,Logs,日志
5608,niveau,Logs Level,级别
5609,oplysninger,Message,信息
5610,Skabelon,Message Template,模板
5611,attribut,Properties,属性
5612,søg,Search,搜索
5613,可用功能,See all available options,Tilgængeligeunktioner
5614,tid,Time Stamp,时间
5615,at give tilladelse,Authorization,授权
5616,unormal,Exception,异常
5617,Eksportér til Excel,Export Excel,导出 Excel
5618,Eksport mislykkedes,Export fail,导出失败
5619,Eksport vellykket,Export Success,导出成功
5620,niveau,Level,级别
5621,journal,Logs,日志
5622,niveau,Logs Level,级别
5623,oplysninger,Message,信息
5624,Skabelon,Message Template,模板
5625,attribut,Properties,属性
5626,søg,Search,搜索
5627,可用功能,See all available options,Tilgængeligeunktioner
5628,tid,Time Stamp,时间
5629,at give tilladelse,Authorization,授权
5630,unormal,Exception,异常
5631,Eksportér til Excel,Export Excel,导出 Excel
5632,Eksport mislykkedes,Export fail,导出失败
5633,Eksport vellykket,Export Success,导出成功
5634,niveau,Level,级别
5635,journal,Logs,日志
5636,niveau,Logs Level,级别
5637,oplysninger,Message,信息
5638,Skabelon,Message Template,模板
5639,attribut,Properties,属性
5640,søg,Search,搜索
5641,可用功能,See all available options,Tilgængeligeunktioner
5642,tid,Time Stamp,时间
5643,at give tilladelse,Authorization,授权
5644,unormal,Exception,异常
5645,Eksportér til Excel,Export Excel,导出 Excel
5646,Eksport mislykkedes,Export fail,导出失败
5647,Eksport vellykket,Export Success,导出成功
5648,niveau,Level,级别
5649,journal,Logs,日志
5650,niveau,Logs Level,级别
5651,oplysninger,Message,信息
5652,Skabelon,Message Template,模板
5653,attribut,Properties,属性
5654,søg,Search,搜索
5655,可用功能,See all available options,Tilgængeligeunktioner
5656,tid,Time Stamp,时间
5657,at give tilladelse,Authorization,授权
5658,unormal,Exception,异常
5659,Eksportér til Excel,Export Excel,导出 Excel
5660,Eksport mislykkedes,Export fail,导出失败
5661,Eksport vellykket,Export Success,导出成功
5662,niveau,Level,级别
5663,journal,Logs,日志
5664,niveau,Logs Level,级别
5665,oplysninger,Message,信息
5666,Skabelon,Message Template,模板
5667,attribut,Properties,属性
5668,søg,Search,搜索
5669,可用功能,See all available options,Tilgængeligeunktioner
5670,tid,Time Stamp,时间
5671,at give tilladelse,Authorization,授权
5672,unormal,Exception,异常
5673,Eksportér til Excel,Export Excel,导出 Excel
5674,Eksport mislykkedes,Export fail,导出失败
5675,Eksport vellykket,Export Success,导出成功
5676,niveau,Level,级别
5677,journal,Logs,日志
5678,niveau,Logs Level,级别
5679,oplysninger,Message,信息
5680,Skabelon,Message Template,模板
5681,attribut,Properties,属性
5682,søg,Search,搜索
5683,可用功能,See all available options,Tilgængeligeunktioner
5684,tid,Time Stamp,时间
5685,at give tilladelse,Authorization,授权
5686,unormal,Exception,异常
5687,Eksportér til Excel,Export Excel,导出 Excel
5688,Eksport mislykkedes,Export fail,导出失败
5689,Eksport vellykket,Export Success,导出成功
5690,niveau,Level,级别
5691,journal,Logs,日志
5692,niveau,Logs Level,级别
5693,oplysninger,Message,信息
5694,Skabelon,Message Template,模板
5695,attribut,Properties,属性
5696,søg,Search,搜索
5697,可用功能,See all available options,Tilgængeligeunktioner
5698,tid,Time Stamp,时间
5699,at give tilladelse,Authorization,授权
5700,unormal,Exception,异常
5701,Eksportér til Excel,Export Excel,导出 Excel
5702,Eksport mislykkedes,Export fail,导出失败
5703,Eksport vellykket,Export Success,导出成功
5704,niveau,Level,级别
5705,journal,Logs,日志
5706,niveau,Logs Level,级别
5707,oplysninger,Message,信息
5708,Skabelon,Message Template,模板
5709,attribut,Properties,属性
5710,søg,Search,搜索
5711,可用功能,See all available options,Tilgængeligeunktioner
5712,tid,Time Stamp,时间
5713,at give tilladelse,Authorization,授权
5714,unormal,Exception,异常
5715,Eksportér til Excel,Export Excel,导出 Excel
5716,Eksport mislykkedes,Export fail,导出失败
5717,Eksport vellykket,Export Success,导出成功
5718,niveau,Level,级别
5719,journal,Logs,日志
5720,niveau,Logs Level,级别
5721,oplysninger,Message,信息
5722,Skabelon,Message Template,模板
5723,attribut,Properties,属性
5724,søg,Search,搜索
5725,可用功能,See all available options,Tilgængeligeunktioner
5726,tid,Time Stamp,时间
5727,at give tilladelse,Authorization,授权
5728,unormal,Exception,异常
5729,Eksportér til Excel,Export Excel,导出 Excel
5730,Eksport mislykkedes,Export fail,导出失败
5731,Eksport vellykket,Export Success,导出成功
5732,niveau,Level,级别
5733,journal,Logs,日志
5734,niveau,Logs Level,级别
5735,oplysninger,Message,信息
5736,Skabelon,Message Template,模板
5737,attribut,Properties,属性
5738,søg,Search,搜索
5739,可用功能,See all available options,Tilgængeligeunktioner
5740,tid,Time Stamp,时间
5741,at give tilladelse,Authorization,授权
5742,unormal,Exception,异常
5743,Eksportér til Excel,Export Excel,导出 Excel
5744,Eksport mislykkedes,Export fail,导出失败
5745,Eksport vellykket,Export Success,导出成功
5746,niveau,Level,级别
5747,journal,Logs,日志
5748,niveau,Logs Level,级别
5749,oplysninger,Message,信息
5750,Skabelon,Message Template,模板
5751,attribut,Properties,属性
5752,søg,Search,搜索
5753,可用功能,See all available options,Tilgængeligeunktioner
5754,tid,Time Stamp,时间
5755,at give tilladelse,Authorization,授权
5756,unormal,Exception,异常
5757,Eksportér til Excel,Export Excel,导出 Excel
5758,Eksport mislykkedes,Export fail,导出失败
5759,Eksport vellykket,Export Success,导出成功
5760,niveau,Level,级别
5761,journal,Logs,日志
5762,niveau,Logs Level,级别
5763,oplysninger,Message,信息
5764,Skabelon,Message Template,模板
5765,attribut,Properties,属性
5766,søg,Search,搜索
5767,可用功能,See all available options,Tilgængeligeunktioner
5768,tid,Time Stamp,时间
5769,at give tilladelse,Authorization,授权
5770,unormal,Exception,异常
5771,Eksportér til Excel,Export Excel,导出 Excel
5772,Eksport mislykkedes,Export fail,导出失败
5773,Eksport vellykket,Export Success,导出成功
5774,niveau,Level,级别
5775,journal,Logs,日志
5776,niveau,Logs Level,级别
5777,oplysninger,Message,信息
5778,Skabelon,Message Template,模板
5779,attribut,Properties,属性
5780,søg,Search,搜索
5781,可用功能,See all available options,Tilgængeligeunktioner
5782,tid,Time Stamp,时间
5783,at give tilladelse,Authorization,授权
5784,unormal,Exception,异常
5785,Eksportér til Excel,Export Excel,导出 Excel
5786,Eksport mislykkedes,Export fail,导出失败
5787,Eksport vellykket,Export Success,导出成功
5788,niveau,Level,级别
5789,journal,Logs,日志
5790,niveau,Logs Level,级别
5791,oplysninger,Message,信息
5792,Skabelon,Message Template,模板
5793,attribut,Properties,属性
5794,søg,Search,搜索
5795,可用功能,See all available options,Tilgængeligeunktioner
5796,tid,Time Stamp,时间
5797,at give tilladelse,Authorization,授权
5798,unormal,Exception,异常
5799,Eksportér til Excel,Export Excel,导出 Excel
5800,Eksport mislykkedes,Export fail,导出失败
5801,Eksport vellykket,Export Success,导出成功
5802,niveau,Level,级别
5803,journal,Logs,日志
5804,niveau,Logs Level,级别
5805,oplysninger,Message,信息
5806,Skabelon,Message Template,模板
5807,attribut,Properties,属性
5808,søg,Search,搜索
5809,可用功能,See all available options,Tilgængeligeunktioner
5810,tid,Time Stamp,时间
5811,at give tilladelse,Authorization,授权
5812,unormal,Exception,异常
5813,Eksportér til Excel,Export Excel,导出 Excel
5814,Eksport mislykkedes,Export fail,导出失败
5815,Eksport vellykket,Export Success,导出成功
5816,niveau,Level,级别
5817,journal,Logs,日志
5818,niveau,Logs Level,级别
5819,oplysninger,Message,信息
5820,Skabelon,Message Template,模板
5821,attribut,Properties,属性
5822,søg,Search,搜索
5823,可用功能,See all available options,Tilgængeligeunktioner
5824,tid,Time Stamp,时间
5825,at give tilladelse,Authorization,授权
5826,unormal,Exception,异常
5827,Eksportér til Excel,Export Excel,导出 Excel
5828,Eksport mislykkedes,Export fail,导出失败
5829,Eksport vellykket,Export Success,导出成功
5830,niveau,Level,级别
5831,journal,Logs,日志
5832,niveau,Logs Level,级别
5833,oplysninger,Message,信息
5834,Skabelon,Message Template,模板
5835,attribut,Properties,属性
5836,søg,Search,搜索
5837,可用功能,See all available options,Tilgængeligeunktioner
5838,tid,Time Stamp,时间
5839,at give tilladelse,Authorization,授权
5840,unormal,Exception,异常
5841,Eksportér til Excel,Export Excel,导出 Excel
5842,Eksport mislykkedes,Export fail,导出失败
5843,Eksport vellykket,Export Success,导出成功
5844,niveau,Level,级别
5845,journal,Logs,日志
5846,niveau,Logs Level,级别
5847,oplysninger,Message,信息
5848,Skabelon,Message Template,模板
5849,attribut,Properties,属性
5850,søg,Search,搜索
5851,可用功能,See all available options,Tilgængeligeunktioner
5852,tid,Time Stamp,时间
5853,at give tilladelse,Authorization,授权
5854,unormal,Exception,异常
5855,Eksportér til Excel,Export Excel,导出 Excel
5856,Eksport mislykkedes,Export fail,导出失败
5857,Eksport vellykket,Export Success,导出成功
5858,niveau,Level,级别
5859,journal,Logs,日志
5860,niveau,Logs Level,级别
5861,oplysninger,Message,信息
5862,Skabelon,Message Template,模板
5863,attribut,Properties,属性
5864,søg,Search,搜索
5865,可用功能,See all available options,Tilgængeligeunktioner
5866,tid,Time Stamp,时间
5867,at give tilladelse,Authorization,授权
5868,unormal,Exception,异常
5869,Eksportér til Excel,Export Excel,导出 Excel
5870,Eksport mislykkedes,Export fail,导出失败
5871,Eksport vellykket,Export Success,导出成功
5872,niveau,Level,级别
5873,journal,Logs,日志
5874,niveau,Logs Level,级别
5875,oplysninger,Message,信息
5876,Skabelon,Message Template,模板
5877,attribut,Properties,属性
5878,søg,Search,搜索
5879,可用功能,See all available options,Tilgængeligeunktioner
5880,tid,Time Stamp,时间
5881,at give tilladelse,Authorization,授权
5882,unormal,Exception,异常
5883,Eksportér til Excel,Export Excel,导出 Excel
5884,Eksport mislykkedes,Export fail,导出失败
5885,Eksport vellykket,Export Success,导出成功
5886,niveau,Level,级别
5887,journal,Logs,日志
5888,niveau,Logs Level,级别
5889,oplysninger,Message,信息
5890,Skabelon,Message Template,模板
5891,attribut,Properties,属性
5892,søg,Search,搜索
5893,可用功能,See all available options,Tilgængeligeunktioner
5894,tid,Time Stamp,时间
5895,at give tilladelse,Authorization,授权
5896,unormal,Exception,异常
5897,Eksportér til Excel,Export Excel,导出 Excel
5898,Eksport mislykkedes,Export fail,导出失败
5899,Eksport vellykket,Export Success,导出成功
5900,niveau,Level,级别
5901,journal,Logs,日志
5902,niveau,Logs Level,级别
5903,oplysninger,Message,信息
5904,Skabelon,Message Template,模板
5905,attribut,Properties,属性
5906,søg,Search,搜索
5907,可用功能,See all available options,Tilgængeligeunktioner
5908,tid,Time Stamp,时间
5909,at give tilladelse,Authorization,授权
5910,unormal,Exception,异常
5911,Eksportér til Excel,Export Excel,导出 Excel
5912,Eksport mislykkedes,Export fail,导出失败
5913,Eksport vellykket,Export Success,导出成功
5914,niveau,Level,级别
5915,journal,Logs,日志
5916,niveau,Logs Level,级别
5917,oplysninger,Message,信息
5918,Skabelon,Message Template,模板
5919,attribut,Properties,属性
5920,søg,Search,搜索
5921,可用功能,See all available options,Tilgængeligeunktioner
5922,tid,Time Stamp,时间
5923,at give tilladelse,Authorization,授权
5924,unormal,Exception,异常
5925,Eksportér til Excel,Export Excel,导出 Excel
5926,Eksport mislykkedes,Export fail,导出失败
5927,Eksport vellykket,Export Success,导出成功
5928,niveau,Level,级别
5929,journal,Logs,日志
5930,niveau,Logs Level,级别
5931,oplysninger,Message,信息
5932,Skabelon,Message Template,模板
5933,attribut,Properties,属性
5934,søg,Search,搜索
5935,可用功能,See all available options,Tilgængeligeunktioner
5936,tid,Time Stamp,时间
5937,at give tilladelse,Authorization,授权
5938,unormal,Exception,异常
5939,Eksportér til Excel,Export Excel,导出 Excel
5940,Eksport mislykkedes,Export fail,导出失败
5941,Eksport vellykket,Export Success,导出成功
5942,niveau,Level,级别
5943,journal,Logs,日志
5944,niveau,Logs Level,级别
5945,oplysninger,Message,信息
5946,Skabelon,Message Template,模板
5947,attribut,Properties,属性
5948,søg,Search,搜索
5949,可用功能,See all available options,Tilgængeligeunktioner
5950,tid,Time Stamp,时间
5951,at give tilladelse,Authorization,授权
5952,unormal,Exception,异常
5953,Eksportér til Excel,Export Excel,导出 Excel
5954,Eksport mislykkedes,Export fail,导出失败
5955,Eksport vellykket,Export Success,导出成功
5956,niveau,Level,级别
5957,journal,Logs,日志
5958,niveau,Logs Level,级别
5959,oplysninger,Message,信息
5960,Skabelon,Message Template,模板
5961,attribut,Properties,属性
5962,søg,Search,搜索
5963,可用功能,See all available options,Tilgængeligeunktioner
5964,tid,Time Stamp,时间
5965,at give tilladelse,Authorization,授权
5966,unormal,Exception,异常
5967,Eksportér til Excel,Export Excel,导出 Excel
5968,Eksport mislykkedes,Export fail,导出失败
5969,Eksport vellykket,Export Success,导出成功
5970,niveau,Level,级别
5971,journal,Logs,日志
5972,niveau,Logs Level,级别
5973,oplysninger,Message,信息
5974,Skabelon,Message Template,模板
5975,attribut,Properties,属性
5976,søg,Search,搜索
5977,可用功能,See all available options,Tilgængeligeunktioner
5978,tid,Time Stamp,时间
5979,at give tilladelse,Authorization,授权
5980,unormal,Exception,异常
5981,Eksportér til Excel,Export Excel,导出 Excel
5982,Eksport mislykkedes,Export fail,导出失败
5983,Eksport vellykket,Export Success,导出成功
5984,niveau,Level,级别
5985,journal,Logs,日志
5986,niveau,Logs Level,级别
5987,oplysninger,Message,信息
5988,Skabelon,Message Template,模板
5989,attribut,Properties,属性
5990,søg,Search,搜索
5991,可用功能,See all available options,Tilgængeligeunktioner
5992,tid,Time Stamp,时间
5993,at give tilladelse,Authorization,授权
5994,unormal,Exception,异常
5995,Eksportér til Excel,Export Excel,导出 Excel
5996,Eksport mislykkedes,Export fail,导出失败
5997,Eksport vellykket,Export Success,导出成功
5998,niveau,Level,级别
5999,journal,Logs,日志
6000,niveau,Logs Level,级别
6001,oplysninger,Message,信息
6002,Skabelon,Message Template,模板
6003,attribut,Properties,属性
6004,søg,Search,搜索
6005,可用功能,See all available options,Tilgængeligeunktioner
6006,tid,Time Stamp,时间
6007,at give tilladelse,Authorization,授权
6008,unormal,Exception,异常
6009,Eksportér til Excel,Export Excel,导出 Excel
6010,Eksport mislykkedes,Export fail,导出失败
6011,Eksport vellykket,Export Success,导出成功
6012,niveau,Level,级别
6013,journal,Logs,日志
6014,niveau,Logs Level,级别
6015,oplysninger,Message,信息
6016,Skabelon,Message Template,模板
6017,attribut,Properties,属性
6018,søg,Search,搜索
6019,可用功能,See all available options,Tilgængeligeunktioner
6020,tid,Time Stamp,时间
6021,at give tilladelse,Authorization,授权
6022,unormal,Exception,异常
6023,Eksportér til Excel,Export Excel,导出 Excel
6024,Eksport mislykkedes,Export fail,导出失败
6025,Eksport vellykket,Export Success,导出成功
6026,niveau,Level,级别
6027,journal,Logs,日志
6028,niveau,Logs Level,级别
6029,oplysninger,Message,信息
6030,Skabelon,Message Template,模板
6031,attribut,Properties,属性
6032,søg,Search,搜索
6033,可用功能,See all available options,Tilgængeligeunktioner
6034,tid,Time Stamp,时间
6035,at give tilladelse,Authorization,授权
6036,unormal,Exception,异常
6037,Eksportér til Excel,Export Excel,导出 Excel
6038,Eksport mislykkedes,Export fail,导出失败
6039,Eksport vellykket,Export Success,导出成功
6040,niveau,Level,级别
6041,journal,Logs,日志
6042,niveau,Logs Level,级别
6043,oplysninger,Message,信息
6044,Skabelon,Message Template,模板
6045,attribut,Properties,属性
6046,søg,Search,搜索
6047,可用功能,See all available options,Tilgængeligeunktioner
6048,tid,Time Stamp,时间
6049,at give tilladelse,Authorization,授权
6050,unormal,Exception,异常
6051,Eksportér til Excel,Export Excel,导出 Excel
6052,Eksport mislykkedes,Export fail,导出失败
6053,Eksport vellykket,Export Success,导出成功
6054,niveau,Level,级别
6055,journal,Logs,日志
6056,niveau,Logs Level,级别
6057,oplysninger,Message,信息
6058,Skabelon,Message Template,模板
6059,attribut,Properties,属性
6060,søg,Search,搜索
6061,可用功能,See all available options,Tilgængeligeunktioner
6062,tid,Time Stamp,时间
6063,at give tilladelse,Authorization,授权
6064,unormal,Exception,异常
6065,Eksportér til Excel,Export Excel,导出 Excel
6066,Eksport mislykkedes,Export fail,导出失败
6067,Eksport vellykket,Export Success,导出成功
6068,niveau,Level,级别
6069,journal,Logs,日志
6070,niveau,Logs Level,级别
6071,oplysninger,Message,信息
6072,Skabelon,Message Template,模板
6073,attribut,Properties,属性
6074,søg,Search,搜索
6075,可用功能,See all available options,Tilgængeligeunktioner
6076,tid,Time Stamp,时间
6077,at give tilladelse,Authorization,授权
6078,unormal,Exception,异常
6079,Eksportér til Excel,Export Excel,导出 Excel
6080,Eksport mislykkedes,Export fail,导出失败
6081,Eksport vellykket,Export Success,导出成功
6082,niveau,Level,级别
6083,journal,Logs,日志
6084,niveau,Logs Level,级别
6085,oplysninger,Message,信息
6086,Skabelon,Message Template,模板
6087,attribut,Properties,属性
6088,søg,Search,搜索
6089,可用功能,See all available options,Tilgængeligeunktioner
6090,tid,Time Stamp,时间
6091,at give tilladelse,Authorization,授权
6092,unormal,Exception,异常
6093,Eksportér til Excel,Export Excel,导出 Excel
6094,Eksport mislykkedes,Export fail,导出失败
6095,Eksport vellykket,Export Success,导出成功
6096,niveau,Level,级别
6097,journal,Logs,日志
6098,niveau,Logs Level,级别
6099,oplysninger,Message,信息
6100,Skabelon,Message Template,模板
6101,attribut,Properties,属性
6102,søg,Search,搜索
6103,可用功能,See all available options,Tilgængeligeunktioner
6104,tid,Time Stamp,时间
6105,at give tilladelse,Authorization,授权
6106,unormal,Exception,异常
6107,Eksportér til Excel,Export Excel,导出 Excel
6108,Eksport mislykkedes,Export fail,导出失败
6109,Eksport vellykket,Export Success,导出成功
6110,niveau,Level,级别
6111,journal,Logs,日志
6112,niveau,Logs Level,级别
6113,oplysninger,Message,信息
6114,Skabelon,Message Template,模板
6115,attribut,Properties,属性
6116,søg,Search,搜索
6117,可用功能,See all available options,Tilgængeligeunktioner
6118,tid,Time Stamp,时间
6119,at give tilladelse,Authorization,授权
6120,unormal,Exception,异常
6121,Eksportér til Excel,Export Excel,导出 Excel
6122,Eksport mislykkedes,Export fail,导出失败
6123,Eksport vellykket,Export Success,导出成功
6124,niveau,Level,级别
6125,journal,Logs,日志
6126,niveau,Logs Level,级别
6127,oplysninger,Message,信息
6128,Skabelon,Message Template,模板
6129,attribut,Properties,属性
6130,søg,Search,搜索
6131,可用功能,See all available options,Tilgængeligeunktioner
6132,tid,Time Stamp,时间
6133,at give tilladelse,Authorization,授权
6134,unormal,Exception,异常
6135,Eksportér til Excel,Export Excel,导出 Excel
6136,Eksport mislykkedes,Export fail,导出失败
6137,Eksport vellykket,Export Success,导出成功
6138,niveau,Level,级别
6139,journal,Logs,日志
6140,niveau,Logs Level,级别
6141,oplysninger,Message,信息
6142,Skabelon,Message Template,模板
6143,attribut,Properties,属性
6144,søg,Search,搜索
6145,可用功能,See all available options,Tilgængeligeunktioner
6146,tid,Time Stamp,时间
6147,at give tilladelse,Authorization,授权
6148,unormal,Exception,异常
6149,Eksportér til Excel,Export Excel,导出 Excel
6150,Eksport mislykkedes,Export fail,导出失败
6151,Eksport vellykket,Export Success,导出成功
6152,niveau,Level,级别
6153,journal,Logs,日志
6154,niveau,Logs Level,级别
6155,oplysninger,Message,信息
6156,Skabelon,Message Template,模板
6157,attribut,Properties,属性
6158,søg,Search,搜索
6159,可用功能,See all available options,Tilgængeligeunktioner
6160,tid,Time Stamp,时间
6161,at give tilladelse,Authorization,授权
6162,unormal,Exception,异常
6163,Eksportér til Excel,Export Excel,导出 Excel
6164,Eksport mislykkedes,Export fail,导出失败
6165,Eksport vellykket,Export Success,导出成功
6166,niveau,Level,级别
6167,journal,Logs,日志
6168,niveau,Logs Level,级别
6169,oplysninger,Message,信息
6170,Skabelon,Message Template,模板
6171,attribut,Properties,属性
6172,søg,Search,搜索
6173,可用功能,See all available options,Tilgængeligeunktioner
6174,tid,Time Stamp,时间
6175,at give tilladelse,Authorization,授权
6176,unormal,Exception,异常
6177,Eksportér til Excel,Export Excel,导出 Excel
6178,Eksport mislykkedes,Export fail,导出失败
6179,Eksport vellykket,Export Success,导出成功
6180,niveau,Level,级别
6181,journal,Logs,日志
6182,niveau,Logs Level,级别
6183,oplysninger,Message,信息
6184,Skabelon,Message Template,模板
6185,attribut,Properties,属性
6186,søg,Search,搜索
6187,可用功能,See all available options,Tilgængeligeunktioner
6188,tid,Time Stamp,时间
6189,at give tilladelse,Authorization,授权
6190,unormal,Exception,异常
6191,Eksportér til Excel,Export Excel,导出 Excel
6192,Eksport mislykkedes,Export fail,导出失败
6193,Eksport vellykket,Export Success,导出成功
6194,niveau,Level,级别
6195,journal,Logs,日志
6196,niveau,Logs Level,级别
6197,oplysninger,Message,信息
6198,Skabelon,Message Template,模板
6199,attribut,Properties,属性
6200,søg,Search,搜索
6201,可用功能,See all available options,Tilgængeligeunktioner
6202,tid,Time Stamp,时间
6203,at give tilladelse,Authorization,授权
6204,unormal,Exception,异常
6205,Eksportér til Excel,Export Excel,导出 Excel
6206,Eksport mislykkedes,Export fail,导出失败
6207,Eksport vellykket,Export Success,导出成功
6208,niveau,Level,级别
6209,journal,Logs,日志
6210,niveau,Logs Level,级别
6211,oplysninger,Message,信息
6212,Skabelon,Message Template,模板
6213,attribut,Properties,属性
6214,søg,Search,搜索
6215,可用功能,See all available options,Tilgængeligeunktioner
6216,tid,Time Stamp,时间
6217,at give tilladelse,Authorization,授权
6218,unormal,Exception,异常
6219,Eksportér til Excel,Export Excel,导出 Excel
6220,Eksport mislykkedes,Export fail,导出失败
6221,Eksport vellykket,Export Success,导出成功
6222,niveau,Level,级别
6223,journal,Logs,日志
6224,niveau,Logs Level,级别
6225,oplysninger,Message,信息
6226,Skabelon,Message Template,模板
6227,attribut,Properties,属性
6228,søg,Search,搜索
6229,可用功能,See all available options,Tilgængeligeunktioner
6230,tid,Time Stamp,时间
6231,at give tilladelse,Authorization,授权
6232,unormal,Exception,异常
6233,Eksportér til Excel,Export Excel,导出 Excel
6234,Eksport mislykkedes,Export fail,导出失败
6235,Eksport vellykket,Export Success,导出成功
6236,niveau,Level,级别
6237,journal,Logs,日志
6238,niveau,Logs Level,级别
6239,oplysninger,Message,信息
6240,Skabelon,Message Template,模板
6241,attribut,Properties,属性
6242,søg,Search,搜索
6243,可用功能,See all available options,Tilgængeligeunktioner
6244,tid,Time Stamp,时间
6245,at give tilladelse,Authorization,授权
6246,unormal,Exception,异常
6247,Eksportér til Excel,Export Excel,导出 Excel
6248,Eksport mislykkedes,Export fail,导出失败
6249,Eksport vellykket,Export Success,导出成功
6250,niveau,Level,级别
6251,journal,Logs,日志
6252,niveau,Logs Level,级别
6253,oplysninger,Message,信息
6254,Skabelon,Message Template,模板
6255,attribut,Properties,属性
6256,søg,Search,搜索
6257,可用功能,See all available options,Tilgængeligeunktioner
6258,tid,Time Stamp,时间
6259,at give tilladelse,Authorization,授权
6260,unormal,Exception,异常
6261,Eksportér til Excel,Export Excel,导出 Excel
6262,Eksport mislykkedes,Export fail,导出失败
6263,Eksport vellykket,Export Success,导出成功
6264,niveau,Level,级别
6265,journal,Logs,日志
6266,niveau,Logs Level,级别
6267,oplysninger,Message,信息
6268,Skabelon,Message Template,模板
6269,attribut,Properties,属性
6270,søg,Search,搜索
6271,可用功能,See all available options,Tilgængeligeunktioner
6272,tid,Time Stamp,时间
6273,at give tilladelse,Authorization,授权
6274,unormal,Exception,异常
6275,Eksportér til Excel,Export Excel,导出 Excel
6276,Eksport mislykkedes,Export fail,导出失败
6277,Eksport vellykket,Export Success,导出成功
6278,niveau,Level,级别
6279,journal,Logs,日志
6280,niveau,Logs Level,级别
6281,oplysninger,Message,信息
6282,Skabelon,Message Template,模板
6283,attribut,Properties,属性
6284,søg,Search,搜索
6285,可用功能,See all available options,Tilgængeligeunktioner
6286,tid,Time Stamp,时间
6287,at give tilladelse,Authorization,授权
6288,unormal,Exception,异常
6289,Eksportér til Excel,Export Excel,导出 Excel
6290,Eksport mislykkedes,Export fail,导出失败
6291,Eksport vellykket,Export Success,导出成功
6292,niveau,Level,级别
6293,journal,Logs,日志
6294,niveau,Logs Level,级别
6295,oplysninger,Message,信息
6296,Skabelon,Message Template,模板
6297,attribut,Properties,属性
6298,søg,Search,搜索
6299,可用功能,See all available options,Tilgængeligeunktioner
6300,tid,Time Stamp,时间
6301,at give tilladelse,Authorization,授权
6302,unormal,Exception,异常
6303,Eksportér til Excel,Export Excel,导出 Excel
6304,Eksport mislykkedes,Export fail,导出失败
6305,Eksport vellykket,Export Success,导出成功
6306,niveau,Level,级别
6307,journal,Logs,日志
6308,niveau,Logs Level,级别
6309,oplysninger,Message,信息
6310,Skabelon,Message Template,模板
6311,attribut,Properties,属性
6312,søg,Search,搜索
6313,可用功能,See all available options,Tilgængeligeunktioner
6314,tid,Time Stamp,时间
6315,at give tilladelse,Authorization,授权
6316,unormal,Exception,异常
6317,Eksportér til Excel,Export Excel,导出 Excel
6318,Eksport mislykkedes,Export fail,导出失败
6319,Eksport vellykket,Export Success,导出成功
6320,niveau,Level,级别
6321,journal,Logs,日志
6322,niveau,Logs Level,级别
6323,oplysninger,Message,信息
6324,Skabelon,Message Template,模板
6325,attribut,Properties,属性
6326,søg,Search,搜索
6327,可用功能,See all available options,Tilgængeligeunktioner
6328,tid,Time Stamp,时间
6329,at give tilladelse,Authorization,授权
6330,unormal,Exception,异常
6331,Eksportér til Excel,Export Excel,导出 Excel
6332,Eksport mislykkedes,Export fail,导出失败
6333,Eksport vellykket,Export Success,导出成功
6334,niveau,Level,级别
6335,journal,Logs,日志
6336,niveau,Logs Level,级别
6337,oplysninger,Message,信息
6338,Skabelon,Message Template,模板
6339,attribut,Properties,属性
6340,søg,Search,搜索
6341,可用功能,See all available options,Tilgængeligeunktioner
6342,tid,Time Stamp,时间
6343,at give tilladelse,Authorization,授权
6344,unormal,Exception,异常
6345,Eksportér til Excel,Export Excel,导出 Excel
6346,Eksport mislykkedes,Export fail,导出失败
6347,Eksport vellykket,Export Success,导出成功
6348,niveau,Level,级别
6349,journal,Logs,日志
6350,niveau,Logs Level,级别
6351,oplysninger,Message,信息
6352,Skabelon,Message Template,模板
6353,attribut,Properties,属性
6354,søg,Search,搜索
6355,可用功能,See all available options,Tilgængeligeunktioner
6356,tid,Time Stamp,时间
6357,at give tilladelse,Authorization,授权
6358,unormal,Exception,异常
6359,Eksportér til Excel,Export Excel,导出 Excel
6360,Eksport mislykkedes,Export fail,导出失败
6361,Eksport vellykket,Export Success,导出成功
6362,niveau,Level,级别
6363,journal,Logs,日志
6364,niveau,Logs Level,级别
6365,oplysninger,Message,信息
6366,Skabelon,Message Template,模板
6367,attribut,Properties,属性
6368,søg,Search,搜索
6369,可用功能,See all available options,Tilgængeligeunktioner
6370,tid,Time Stamp,时间
6371,at give tilladelse,Authorization,授权
6372,unormal,Exception,异常
6373,Eksportér til Excel,Export Excel,导出 Excel
6374,Eksport mislykkedes,Export fail,导出失败
6375,Eksport vellykket,Export Success,导出成功
6376,niveau,Level,级别
6377,journal,Logs,日志
6378,niveau,Logs Level,级别
6379,oplysninger,Message,信息
6380,Skabelon,Message Template,模板
6381,attribut,Properties,属性
6382,søg,Search,搜索
6383,可用功能,See all available options,Tilgængeligeunktioner
6384,tid,Time Stamp,时间
6385,at give tilladelse,Authorization,授权
6386,unormal,Exception,异常
6387,Eksportér til Excel,Export Excel,导出 Excel
6388,Eksport mislykkedes,Export fail,导出失败
6389,Eksport vellykket,Export Success,导出成功
6390,niveau,Level,级别
6391,journal,Logs,日志
6392,niveau,Logs Level,级别
6393,oplysninger,Message,信息
6394,Skabelon,Message Template,模板
6395,attribut,Properties,属性
6396,søg,Search,搜索
6397,可用功能,See all available options,Tilgængeligeunktioner
6398,tid,Time Stamp,时间
6399,at give tilladelse,Authorization,授权
6400,unormal,Exception,异常
6401,Eksportér til Excel,Export Excel,导出 Excel
6402,Eksport mislykkedes,Export fail,导出失败
6403,Eksport vellykket,Export Success,导出成功
6404,niveau,Level,级别
6405,journal,Logs,日志
6406,niveau,Logs Level,级别
6407,oplysninger,Message,信息
6408,Skabelon,Message Template,模板
6409,attribut,Properties,属性
6410,søg,Search,搜索
6411,可用功能,See all available options,Tilgængeligeunktioner
6412,tid,Time Stamp,时间
6413,at give tilladelse,Authorization,授权
6414,unormal,Exception,异常
6415,Eksportér til Excel,Export Excel,导出 Excel
6416,Eksport mislykkedes,Export fail,导出失败
6417,Eksport vellykket,Export Success,导出成功
6418,niveau,Level,级别
6419,journal,Logs,日志
6420,niveau,Logs Level,级别
6421,oplysninger,Message,信息
6422,Skabelon,Message Template,模板
6423,attribut,Properties,属性
6424,søg,Search,搜索
6425,可用功能,See all available options,Tilgængeligeunktioner
6426,tid,Time Stamp,时间
6427,at give tilladelse,Authorization,授权
6428,unormal,Exception,异常
6429,Eksportér til Excel,Export Excel,导出 Excel
6430,Eksport mislykkedes,Export fail,导出失败
6431,Eksport vellykket,Export Success,导出成功
6432,niveau,Level,级别
6433,journal,Logs,日志
6434,niveau,Logs Level,级别
6435,oplysninger,Message,信息
6436,Skabelon,Message Template,模板
6437,attribut,Properties,属性
6438,søg,Search,搜索
6439,可用功能,See all available options,Tilgængeligeunktioner
6440,tid,Time Stamp,时间
6441,at give tilladelse,Authorization,授权
6442,unormal,Exception,异常
6443,Eksportér til Excel,Export Excel,导出 Excel
6444,Eksport mislykkedes,Export fail,导出失败
6445,Eksport vellykket,Export Success,导出成功
6446,niveau,Level,级别
6447,journal,Logs,日志
6448,niveau,Logs Level,级别
6449,oplysninger,Message,信息
6450,Skabelon,Message Template,模板
6451,attribut,Properties,属性
6452,søg,Search,搜索
6453,可用功能,See all available options,Tilgængeligeunktioner
6454,tid,Time Stamp,时间
6455,at give tilladelse,Authorization,授权
6456,unormal,Exception,异常
6457,Eksportér til Excel,Export Excel,导出 Excel
6458,Eksport mislykkedes,Export fail,导出失败
6459,Eksport vellykket,Export Success,导出成功
6460,niveau,Level,级别
6461,journal,Logs,日志
6462,niveau,Logs Level,级别
6463,oplysninger,Message,信息
6464,Skabelon,Message Template,模板
6465,attribut,Properties,属性
6466,søg,Search,搜索
6467,可用功能,See all available options,Tilgængeligeunktioner
6468,tid,Time Stamp,时间
6469,at give tilladelse,Authorization,授权
6470,unormal,Exception,异常
6471,Eksportér til Excel,Export Excel,导出 Excel
6472,Eksport mislykkedes,Export fail,导出失败
6473,Eksport vellykket,Export Success,导出成功
6474,niveau,Level,级别
6475,journal,Logs,日志
6476,niveau,Logs Level,级别
6477,oplysninger,Message,信息
6478,Skabelon,Message Template,模板
6479,attribut,Properties,属性
6480,søg,Search,搜索
6481,可用功能,See all available options,Tilgængeligeunktioner
6482,tid,Time Stamp,时间
6483,at give tilladelse,Authorization,授权
6484,unormal,Exception,异常
6485,Eksportér til Excel,Export Excel,导出 Excel
6486,Eksport mislykkedes,Export fail,导出失败
6487,Eksport vellykket,Export Success,导出成功
6488,niveau,Level,级别
6489,journal,Logs,日志
6490,niveau,Logs Level,级别
6491,oplysninger,Message,信息
6492,Skabelon,Message Template,模板
6493,attribut,Properties,属性
6494,søg,Search,搜索
6495,可用功能,See all available options,Tilgængeligeunktioner
6496,tid,Time Stamp,时间
6497,at give tilladelse,Authorization,授权
6498,unormal,Exception,异常
6499,Eksportér til Excel,Export Excel,导出 Excel
6500,Eksport mislykkedes,Export fail,导出失败
6501,Eksport vellykket,Export Success,导出成功
6502,niveau,Level,级别
6503,journal,Logs,日志
6504,niveau,Logs Level,级别
6505,oplysninger,Message,信息
6506,Skabelon,Message Template,模板
6507,attribut,Properties,属性
6508,søg,Search,搜索
6509,可用功能,See all available options,Tilgængeligeunktioner
6510,tid,Time Stamp,时间
6511,at give tilladelse,Authorization,授权
6512,unormal,Exception,异常
6513,Eksportér til Excel,Export Excel,导出 Excel
6514,Eksport mislykkedes,Export fail,导出失败
6515,Eksport vellykket,Export Success,导出成功
6516,niveau,Level,级别
6517,journal,Logs,日志
6518,niveau,Logs Level,级别
6519,oplysninger,Message,信息
6520,Skabelon,Message Template,模板
6521,attribut,Properties,属性
6522,søg,Search,搜索
6523,可用功能,See all available options,Tilgængeligeunktioner
6524,tid,Time Stamp,时间
6525,at give tilladelse,Authorization,授权
6526,unormal,Exception,异常
6527,Eksportér til Excel,Export Excel,导出 Excel
6528,Eksport mislykkedes,Export fail,导出失败
6529,Eksport vellykket,Export Success,导出成功
6530,niveau,Level,级别
6531,journal,Logs,日志
6532,niveau,Logs Level,级别
6533,oplysninger,Message,信息
6534,Skabelon,Message Template,模板
6535,attribut,Properties,属性
6536,søg,Search,搜索
6537,可用功能,See all available options,Tilgængeligeunktioner
6538,tid,Time Stamp,时间
6539,at give tilladelse,Authorization,授权
6540,unormal,Exception,异常
6541,Eksportér til Excel,Export Excel,导出 Excel
6542,Eksport mislykkedes,Export fail,导出失败
6543,Eksport vellykket,Export Success,导出成功
6544,niveau,Level,级别
6545,journal,Logs,日志
6546,niveau,Logs Level,级别
6547,oplysninger,Message,信息
6548,Skabelon,Message Template,模板
6549,attribut,Properties,属性
6550,søg,Search,搜索
6551,可用功能,See all available options,Tilgængeligeunktioner
6552,tid,Time Stamp,时间
6553,at give tilladelse,Authorization,授权
6554,unormal,Exception,异常
6555,Eksportér til Excel,Export Excel,导出 Excel
6556,Eksport mislykkedes,Export fail,导出失败
6557,Eksport vellykket,Export Success,导出成功
6558,niveau,Level,级别
6559,journal,Logs,日志
6560,niveau,Logs Level,级别
6561,oplysninger,Message,信息
6562,Skabelon,Message Template,模板
6563,attribut,Properties,属性
6564,søg,Search,搜索
6565,可用功能,See all available options,Tilgængeligeunktioner
6566,tid,Time Stamp,时间
6567,at give tilladelse,Authorization,授权
6568,unormal,Exception,异常
6569,Eksportér til Excel,Export Excel,导出 Excel
6570,Eksport mislykkedes,Export fail,导出失败
6571,Eksport vellykket,Export Success,导出成功
6572,niveau,Level,级别
6573,journal,Logs,日志
6574,niveau,Logs Level,级别
6575,oplysninger,Message,信息
6576,Skabelon,Message Template,模板
6577,attribut,Properties,属性
6578,søg,Search,搜索
6579,可用功能,See all available options,Tilgængeligeunktioner
6580,tid,Time Stamp,时间
6581,at give tilladelse,Authorization,授权
6582,unormal,Exception,异常
6583,Eksportér til Excel,Export Excel,导出 Excel
6584,Eksport mislykkedes,Export fail,导出失败
6585,Eksport vellykket,Export Success,导出成功
6586,niveau,Level,级别
6587,journal,Logs,日志
6588,niveau,Logs Level,级别
6589,oplysninger,Message,信息
6590,Skabelon,Message Template,模板
6591,attribut,Properties,属性
6592,søg,Search,搜索
6593,可用功能,See all available options,Tilgængeligeunktioner
6594,tid,Time Stamp,时间
6595,at give tilladelse,Authorization,授权
6596,unormal,Exception,异常
6597,Eksportér til Excel,Export Excel,导出 Excel
6598,Eksport mislykkedes,Export fail,导出失败
6599,Eksport vellykket,Export Success,导出成功
6600,niveau,Level,级别
6601,journal,Logs,日志
6602,niveau,Logs Level,级别
6603,oplysninger,Message,信息
6604,Skabelon,Message Template,模板
6605,attribut,Properties,属性
6606,søg,Search,搜索
6607,可用功能,See all available options,Tilgængeligeunktioner
6608,tid,Time Stamp,时间
6609,at give tilladelse,Authorization,授权
6610,unormal,Exception,异常
6611,Eksportér til Excel,Export Excel,导出 Excel
6612,Eksport mislykkedes,Export fail,导出失败
6613,Eksport vellykket,Export Success,导出成功
6614,niveau,Level,级别
6615,journal,Logs,日志
6616,niveau,Logs Level,级别
6617,oplysninger,Message,信息
6618,Skabelon,Message Template,模板
6619,attribut,Properties,属性
6620,søg,Search,搜索
6621,可用功能,See all available options,Tilgængeligeunktioner
6622,tid,Time Stamp,时间
6623,at give tilladelse,Authorization,授权
6624,unormal,Exception,异常
6625,Eksportér til Excel,Export Excel,导出 Excel
6626,Eksport mislykkedes,Export fail,导出失败
6627,Eksport vellykket,Export Success,导出成功
6628,niveau,Level,级别
6629,journal,Logs,日志
6630,niveau,Logs Level,级别
6631,oplysninger,Message,信息
6632,Skabelon,Message Template,模板
6633,attribut,Properties,属性
6634,søg,Search,搜索
6635,可用功能,See all available options,Tilgængeligeunktioner
6636,tid,Time Stamp,时间
6637,at give tilladelse,Authorization,授权
6638,unormal,Exception,异常
6639,Eksportér til Excel,Export Excel,导出 Excel
6640,Eksport mislykkedes,Export fail,导出失败
6641,Eksport vellykket,Export Success,导出成功
6642,niveau,Level,级别
6643,journal,Logs,日志
6644,niveau,Logs Level,级别
6645,oplysninger,Message,信息
6646,Skabelon,Message Template,模板
6647,attribut,Properties,属性
6648,søg,Search,搜索
6649,可用功能,See all available options,Tilgængeligeunktioner
6650,tid,Time Stamp,时间
6651,at give tilladelse,Authorization,授权
6652,unormal,Exception,异常
6653,Eksportér til Excel,Export Excel,导出 Excel
6654,Eksport mislykkedes,Export fail,导出失败
6655,Eksport vellykket,Export Success,导出成功
6656,niveau,Level,级别
6657,journal,Logs,日志
6658,niveau,Logs Level,级别
6659,oplysninger,Message,信息
6660,Skabelon,Message Template,模板
6661,attribut,Properties,属性
6662,søg,Search,搜索
6663,可用功能,See all available options,Tilgængeligeunktioner
6664,tid,Time Stamp,时间
6665,at give tilladelse,Authorization,授权
6666,unormal,Exception,异常
6667,Eksportér til Excel,Export Excel,导出 Excel
6668,Eksport mislykkedes,Export fail,导出失败
6669,Eksport vellykket,Export Success,导出成功
6670,niveau,Level,级别
6671,journal,Logs,日志
6672,niveau,Logs Level,级别
6673,oplysninger,Message,信息
6674,Skabelon,Message Template,模板
6675,attribut,Properties,属性
6676,søg,Search,搜索
6677,可用功能,See all available options,Tilgængeligeunktioner
6678,tid,Time Stamp,时间
6679,at give tilladelse,Authorization,授权
6680,unormal,Exception,异常
6681,Eksportér til Excel,Export Excel,导出 Excel
6682,Eksport mislykkedes,Export fail,导出失败
6683,Eksport vellykket,Export Success,导出成功
6684,niveau,Level,级别
6685,journal,Logs,日志
6686,niveau,Logs Level,级别
6687,oplysninger,Message,信息
6688,Skabelon,Message Template,模板
6689,attribut,Properties,属性
6690,søg,Search,搜索
6691,可用功能,See all available options,Tilgængeligeunktioner
6692,tid,Time Stamp,时间
6693,at give tilladelse,Authorization,授权
6694,unormal,Exception,异常
6695,Eksportér til Excel,Export Excel,导出 Excel
6696,Eksport mislykkedes,Export fail,导出失败
6697,Eksport vellykket,Export Success,导出成功
6698,niveau,Level,级别
6699,journal,Logs,日志
6700,niveau,Logs Level,级别
6701,oplysninger,Message,信息
6702,Skabelon,Message Template,模板
6703,attribut,Properties,属性
6704,søg,Search,搜索
6705,可用功能,See all available options,Tilgængeligeunktioner
6706,tid,Time Stamp,时间
6707,at give tilladelse,Authorization,授权
6708,unormal,Exception,异常
6709,Eksportér til Excel,Export Excel,导出 Excel
6710,Eksport mislykkedes,Export fail,导出失败
6711,Eksport vellykket,Export Success,导出成功
6712,niveau,Level,级别
6713,journal,Logs,日志
6714,niveau,Logs Level,级别
6715,oplysninger,Message,信息
6716,Skabelon,Message Template,模板
6717,attribut,Properties,属性
6718,søg,Search,搜索
6719,可用功能,See all available options,Tilgængeligeunktioner
6720,tid,Time Stamp,时间
6721,at give tilladelse,Authorization,授权
6722,unormal,Exception,异常
6723,Eksportér til Excel,Export Excel,导出 Excel
6724,Eksport mislykkedes,Export fail,导出失败
6725,Eksport vellykket,Export Success,导出成功
6726,niveau,Level,级别
6727,journal,Logs,日志
6728,niveau,Logs Level,级别
6729,oplysninger,Message,信息
6730,Skabelon,Message Template,模板
6731,attribut,Properties,属性
6732,søg,Search,搜索
6733,可用功能,See all available options,Tilgængeligeunktioner
6734,tid,Time Stamp,时间
6735,at give tilladelse,Authorization,授权
6736,unormal,Exception,异常
6737,Eksportér til Excel,Export Excel,导出 Excel
6738,Eksport mislykkedes,Export fail,导出失败
6739,Eksport vellykket,Export Success,导出成功
6740,niveau,Level,级别
6741,journal,Logs,日志
6742,niveau,Logs Level,级别
6743,oplysninger,Message,信息
6744,Skabelon,Message Template,模板
6745,attribut,Properties,属性
6746,søg,Search,搜索
6747,可用功能,See all available options,Tilgængeligeunktioner
6748,tid,Time Stamp,时间
6749,at give tilladelse,Authorization,授权
6750,unormal,Exception,异常
6751,Eksportér til Excel,Export Excel,导出 Excel
6752,Eksport mislykkedes,Export fail,导出失败
6753,Eksport vellykket,Export Success,导出成功
6754,niveau,Level,级别
6755,journal,Logs,日志
6756,niveau,Logs Level,级别
6757,oplysninger,Message,信息
6758,Skabelon,Message Template,模板
6759,attribut,Properties,属性
6760,søg,Search,搜索
6761,可用功能,See all available options,Tilgængeligeunktioner
6762,tid,Time Stamp,时间
6763,at give tilladelse,Authorization,授权
6764,unormal,Exception,异常
6765,Eksportér til Excel,Export Excel,导出 Excel
6766,Eksport mislykkedes,Export fail,导出失败
6767,Eksport vellykket,Export Success,导出成功
6768,niveau,Level,级别
6769,journal,Logs,日志
6770,niveau,Logs Level,级别
6771,oplysninger,Message,信息
6772,Skabelon,Message Template,模板
6773,attribut,Properties,属性
6774,søg,Search,搜索
6775,可用功能,See all available options,Tilgængeligeunktioner
6776,tid,Time Stamp,时间
6777,at give tilladelse,Authorization,授权
6778,unormal,Exception,异常
6779,Eksportér til Excel,Export Excel,导出 Excel
6780,Eksport mislykkedes,Export fail,导出失败
6781,Eksport vellykket,Export Success,导出成功
6782,niveau,Level,级别
6783,journal,Logs,日志
6784,niveau,Logs Level,级别
6785,oplysninger,Message,信息
6786,Skabelon,Message Template,模板
6787,attribut,Properties,属性
6788,søg,Search,搜索
6789,可用功能,See all available options,Tilgængeligeunktioner
6790,tid,Time Stamp,时间
6791,at give tilladelse,Authorization,授权
6792,unormal,Exception,异常
6793,Eksportér til Excel,Export Excel,导出 Excel
6794,Eksport mislykkedes,Export fail,导出失败
6795,Eksport vellykket,Export Success,导出成功
6796,niveau,Level,级别
6797,journal,Logs,日志
6798,niveau,Logs Level,级别
6799,oplysninger,Message,信息
6800,Skabelon,Message Template,模板
6801,attribut,Properties,属性
6802,søg,Search,搜索
6803,可用功能,See all available options,Tilgængeligeunktioner
6804,tid,Time Stamp,时间
6805,at give tilladelse,Authorization,授权
6806,unormal,Exception,异常
6807,Eksportér til Excel,Export Excel,导出 Excel
6808,Eksport mislykkedes,Export fail,导出失败
6809,Eksport vellykket,Export Success,导出成功
6810,niveau,Level,级别
6811,journal,Logs,日志
6812,niveau,Logs Level,级别
6813,oplysninger,Message,信息
6814,Skabelon,Message Template,模板
6815,attribut,Properties,属性
6816,søg,Search,搜索
6817,可用功能,See all available options,Tilgængeligeunktioner
6818,tid,Time Stamp,时间
6819,at give tilladelse,Authorization,授权
6820,unormal,Exception,异常
6821,Eksportér til Excel,Export Excel,导出 Excel
6822,Eksport mislykkedes,Export fail,导出失败
6823,Eksport vellykket,Export Success,导出成功
6824,niveau,Level,级别
6825,journal,Logs,日志
6826,niveau,Logs Level,级别
6827,oplysninger,Message,信息
6828,Skabelon,Message Template,模板
6829,attribut,Properties,属性
6830,søg,Search,搜索
6831,可用功能,See all available options,Tilgængeligeunktioner
6832,tid,Time Stamp,时间
6833,at give tilladelse,Authorization,授权
6834,unormal,Exception,异常
6835,Eksportér til Excel,Export Excel,导出 Excel
6836,Eksport mislykkedes,Export fail,导出失败
6837,Eksport vellykket,Export Success,导出成功
6838,niveau,Level,级别
6839,journal,Logs,日志
6840,niveau,Logs Level,级别
6841,oplysninger,Message,信息
6842,Skabelon,Message Template,模板
6843,attribut,Properties,属性
6844,søg,Search,搜索
6845,可用功能,See all available options,Tilgængeligeunktioner
6846,tid,Time Stamp,时间
6847,at give tilladelse,Authorization,授权
6848,unormal,Exception,异常
6849,Eksportér til Excel,Export Excel,导出 Excel
6850,Eksport mislykkedes,Export fail,导出失败
6851,Eksport vellykket,Export Success,导出成功
6852,niveau,Level,级别
6853,journal,Logs,日志
6854,niveau,Logs Level,级别
6855,oplysninger,Message,信息
6856,Skabelon,Message Template,模板
6857,attribut,Properties,属性
6858,søg,Search,搜索
6859,可用功能,See all available options,Tilgængeligeunktioner
6860,tid,Time Stamp,时间
6861,at give tilladelse,Authorization,授权
6862,unormal,Exception,异常
6863,Eksportér til Excel,Export Excel,导出 Excel
6864,Eksport mislykkedes,Export fail,导出失败
6865,Eksport vellykket,Export Success,导出成功
6866,niveau,Level,级别
6867,journal,Logs,日志
6868,niveau,Logs Level,级别
6869,oplysninger,Message,信息
6870,Skabelon,Message Template,模板
6871,attribut,Properties,属性
6872,søg,Search,搜索
6873,可用功能,See all available options,Tilgængeligeunktioner
6874,tid,Time Stamp,时间
6875,at give tilladelse,Authorization,授权
6876,unormal,Exception,异常
6877,Eksportér til Excel,Export Excel,导出 Excel
6878,Eksport mislykkedes,Export fail,导出失败
6879,Eksport vellykket,Export Success,导出成功
6880,niveau,Level,级别
6881,journal,Logs,日志
6882,niveau,Logs Level,级别
6883,oplysninger,Message,信息
6884,Skabelon,Message Template,模板
6885,attribut,Properties,属性
6886,søg,Search,搜索
6887,可用功能,See all available options,Tilgængeligeunktioner
6888,tid,Time Stamp,时间
6889,at give tilladelse,Authorization,授权
6890,unormal,Exception,异常
6891,Eksportér til Excel,Export Excel,导出 Excel
6892,Eksport mislykkedes,Export fail,导出失败
6893,Eksport vellykket,Export Success,导出成功
6894,niveau,Level,级别
6895,journal,Logs,日志
6896,niveau,Logs Level,级别
6897,oplysninger,Message,信息
6898,Skabelon,Message Template,模板
6899,attribut,Properties,属性
6900,søg,Search,搜索
6901,可用功能,See all available options,Tilgængeligeunktioner
6902,tid,Time Stamp,时间
6903,at give tilladelse,Authorization,授权
6904,unormal,Exception,异常
6905,Eksportér til Excel,Export Excel,导出 Excel
6906,Eksport mislykkedes,Export fail,导出失败
6907,Eksport vellykket,Export Success,导出成功
6908,niveau,Level,级别
6909,journal,Logs,日志
6910,niveau,Logs Level,级别
6911,oplysninger,Message,信息
6912,Skabelon,Message Template,模板
6913,attribut,Properties,属性
6914,søg,Search,搜索
6915,可用功能,See all available options,Tilgængeligeunktioner
6916,tid,Time Stamp,时间
6917,at give tilladelse,Authorization,授权
6918,unormal,Exception,异常
6919,Eksportér til Excel,Export Excel,导出 Excel
6920,Eksport mislykkedes,Export fail,导出失败
6921,Eksport vellykket,Export Success,导出成功
6922,niveau,Level,级别
6923,journal,Logs,日志
6924,niveau,Logs Level,级别
6925,oplysninger,Message,信息
6926,Skabelon,Message Template,模板
6927,attribut,Properties,属性
6928,søg,Search,搜索
6929,可用功能,See all available options,Tilgængeligeunktioner
6930,tid,Time Stamp,时间
6931,at give tilladelse,Authorization,授权
6932,unormal,Exception,异常
6933,Eksportér til Excel,Export Excel,导出 Excel
6934,Eksport mislykkedes,Export fail,导出失败
6935,Eksport vellykket,Export Success,导出成功
6936,niveau,Level,级别
6937,journal,Logs,日志
6938,niveau,Logs Level,级别
6939,oplysninger,Message,信息
6940,Skabelon,Message Template,模板
6941,attribut,Properties,属性
6942,søg,Search,搜索
6943,可用功能,See all available options,Tilgængeligeunktioner
6944,tid,Time Stamp,时间
6945,at give tilladelse,Authorization,授权
6946,unormal,Exception,异常
6947,Eksportér til Excel,Export Excel,导出 Excel
6948,Eksport mislykkedes,Export fail,导出失败
6949,Eksport vellykket,Export Success,导出成功
6950,niveau,Level,级别
6951,journal,Logs,日志
6952,niveau,Logs Level,级别
6953,oplysninger,Message,信息
6954,Skabelon,Message Template,模板
6955,attribut,Properties,属性
6956,søg,Search,搜索
6957,可用功能,See all available options,Tilgængeligeunktioner
6958,tid,Time Stamp,时间
6959,at give tilladelse,Authorization,授权
6960,unormal,Exception,异常
6961,Eksportér til Excel,Export Excel,导出 Excel
6962,Eksport mislykkedes,Export fail,导出失败
6963,Eksport vellykket,Export Success,导出成功
6964,niveau,Level,级别
6965,journal,Logs,日志
6966,niveau,Logs Level,级别
6967,oplysninger,Message,信息
6968,Skabelon,Message Template,模板
6969,attribut,Properties,属性
6970,søg,Search,搜索
6971,可用功能,See all available options,Tilgængeligeunktioner
6972,tid,Time Stamp,时间
6973,at give tilladelse,Authorization,授权
6974,unormal,Exception,异常
6975,Eksportér til Excel,Export Excel,导出 Excel
6976,Eksport mislykkedes,Export fail,导出失败
6977,Eksport vellykket,Export Success,导出成功
6978,niveau,Level,级别
6979,journal,Logs,日志
6980,niveau,Logs Level,级别
6981,oplysninger,Message,信息
6982,Skabelon,Message Template,模板
6983,attribut,Properties,属性
6984,søg,Search,搜索
6985,可用功能,See all available options,Tilgængeligeunktioner
6986,tid,Time Stamp,时间
6987,at give tilladelse,Authorization,授权
6988,unormal,Exception,异常
6989,Eksportér til Excel,Export Excel,导出 Excel
6990,Eksport mislykkedes,Export fail,导出失败
6991,Eksport vellykket,Export Success,导出成功
6992,niveau,Level,级别
6993,journal,Logs,日志
6994,niveau,Logs Level,级别
6995,oplysninger,Message,信息
6996,Skabelon,Message Template,模板
6997,attribut,Properties,属性
6998,søg,Search,搜索
6999,可用功能,See all available options,Tilgængeligeunktioner
7000,tid,Time Stamp,时间
7001,at give tilladelse,Authorization,授权
7002,unormal,Exception,异常
7003,Eksportér til Excel,Export Excel,导出 Excel
7004,Eksport mislykkedes,Export fail,导出失败
7005,Eksport vellykket,Export Success,导出成功
7006,niveau,Level,级别
7007,journal,Logs,日志
7008,niveau,Logs Level,级别
7009,oplysninger,Message,信息
7010,Skabelon,Message Template,模板
7011,attribut,Properties,属性
7012,søg,Search,搜索
7013,可用功能,See all available options,Tilgængeligeunktioner
7014,tid,Time Stamp,时间
7015,at give tilladelse,Authorization,授权
7016,unormal,Exception,异常
7017,Eksportér til Excel,Export Excel,导出 Excel
7018,Eksport mislykkedes,Export fail,导出失败
7019,Eksport vellykket,Export Success,导出成功
7020,niveau,Level,级别
7021,journal,Logs,日志
7022,niveau,Logs Level,级别
7023,oplysninger,Message,信息
7024,Skabelon,Message Template,模板
7025,attribut,Properties,属性
7026,søg,Search,搜索
7027,可用功能,See all available options,Tilgængeligeunktioner
7028,tid,Time Stamp,时间
7029,at give tilladelse,Authorization,授权
7030,unormal,Exception,异常
7031,Eksportér til Excel,Export Excel,导出 Excel
7032,Eksport mislykkedes,Export fail,导出失败
7033,Eksport vellykket,Export Success,导出成功
7034,niveau,Level,级别
7035,journal,Logs,日志
7036,niveau,Logs Level,级别
7037,oplysninger,Message,信息
7038,Skabelon,Message Template,模板
7039,attribut,Properties,属性
7040,søg,Search,搜索
7041,可用功能,See all available options,Tilgængeligeunktioner
7042,tid,Time Stamp,时间
7043,at give tilladelse,Authorization,授权
7044,unormal,Exception,异常
7045,Eksportér til Excel,Export Excel,导出 Excel
7046,Eksport mislykkedes,Export fail,导出失败
7047,Eksport vellykket,Export Success,导出成功
7048,niveau,Level,级别
7049,journal,Logs,日志
7050,niveau,Logs Level,级别
7051,oplysninger,Message,信息
7052,Skabelon,Message Template,模板
7053,attribut,Properties,属性
7054,søg,Search,搜索
7055,可用功能,See all available options,Tilgængeligeunktioner
7056,tid,Time Stamp,时间
7057,at give tilladelse,Authorization,授权
7058,unormal,Exception,异常
7059,Eksportér til Excel,Export Excel,导出 Excel
7060,Eksport mislykkedes,Export fail,导出失败
7061,Eksport vellykket,Export Success,导出成功
7062,niveau,Level,级别
7063,journal,Logs,日志
7064,niveau,Logs Level,级别
7065,oplysninger,Message,信息
7066,Skabelon,Message Template,模板
7067,attribut,Properties,属性
7068,søg,Search,搜索
7069,可用功能,See all available options,Tilgængeligeunktioner
7070,tid,Time Stamp,时间
7071,at give tilladelse,Authorization,授权
7072,unormal,Exception,异常
7073,Eksportér til Excel,Export Excel,导出 Excel
7074,Eksport mislykkedes,Export fail,导出失败
7075,Eksport vellykket,Export Success,导出成功
7076,niveau,Level,级别
7077,journal,Logs,日志
7078,niveau,Logs Level,级别
7079,oplysninger,Message,信息
7080,Skabelon,Message Template,模板
7081,attribut,Properties,属性
7082,søg,Search,搜索
7083,可用功能,See all available options,Tilgængeligeunktioner
7084,tid,Time Stamp,时间
7085,at give tilladelse,Authorization,授权
7086,unormal,Exception,异常
7087,Eksportér til Excel,Export Excel,导出 Excel
7088,Eksport mislykkedes,Export fail,导出失败
7089,Eksport vellykket,Export Success,导出成功
7090,niveau,Level,级别
7091,journal,Logs,日志
7092,niveau,Logs Level,级别
7093,oplysninger,Message,信息
7094,Skabelon,Message Template,模板
7095,attribut,Properties,属性
7096,søg,Search,搜索
7097,可用功能,See all available options,Tilgængeligeunktioner
7098,tid,Time Stamp,时间
7099,at give tilladelse,Authorization,授权
7100,unormal,Exception,异常
7101,Eksportér til Excel,Export Excel,导出 Excel
7102,Eksport mislykkedes,Export fail,导出失败
7103,Eksport vellykket,Export Success,导出成功
7104,niveau,Level,级别
7105,journal,Logs,日志
7106,niveau,Logs Level,级别
7107,oplysninger,Message,信息
7108,Skabelon,Message Template,模板
7109,attribut,Properties,属性
7110,søg,Search,搜索
7111,可用功能,See all available options,Tilgængeligeunktioner
7112,tid,Time Stamp,时间
7113,at give tilladelse,Authorization,授权
7114,unormal,Exception,异常
7115,Eksportér til Excel,Export Excel,导出 Excel
7116,Eksport mislykkedes,Export fail,导出失败
7117,Eksport vellykket,Export Success,导出成功
7118,niveau,Level,级别
7119,journal,Logs,日志
7120,niveau,Logs Level,级别
7121,oplysninger,Message,信息
7122,Skabelon,Message Template,模板
7123,attribut,Properties,属性
7124,søg,Search,搜索
7125,可用功能,See all available options,Tilgængeligeunktioner
7126,tid,Time Stamp,时间
7127,at give tilladelse,Authorization,授权
7128,unormal,Exception,异常
7129,Eksportér til Excel,Export Excel,导出 Excel
7130,Eksport mislykkedes,Export fail,导出失败
7131,Eksport vellykket,Export Success,导出成功
7132,niveau,Level,级别
7133,journal,Logs,日志
7134,niveau,Logs Level,级别
7135,oplysninger,Message,信息
7136,Skabelon,Message Template,模板
7137,attribut,Properties,属性
7138,søg,Search,搜索
7139,可用功能,See all available options,Tilgængeligeunktioner
7140,tid,Time Stamp,时间
7141,at give tilladelse,Authorization,授权
7142,unormal,Exception,异常
7143,Eksportér til Excel,Export Excel,导出 Excel
7144,Eksport mislykkedes,Export fail,导出失败
7145,Eksport vellykket,Export Success,导出成功
7146,niveau,Level,级别
7147,journal,Logs,日志
7148,niveau,Logs Level,级别
7149,oplysninger,Message,信息
7150,Skabelon,Message Template,模板
7151,attribut,Properties,属性
7152,søg,Search,搜索
7153,可用功能,See all available options,Tilgængeligeunktioner
7154,tid,Time Stamp,时间
7155,at give tilladelse,Authorization,授权
7156,unormal,Exception,异常
7157,Eksportér til Excel,Export Excel,导出 Excel
7158,Eksport mislykkedes,Export fail,导出失败
7159,Eksport vellykket,Export Success,导出成功
7160,niveau,Level,级别
7161,journal,Logs,日志
7162,niveau,Logs Level,级别
7163,oplysninger,Message,信息
7164,Skabelon,Message Template,模板
7165,attribut,Properties,属性
7166,søg,Search,搜索
7167,可用功能,See all available options,Tilgængeligeunktioner
7168,tid,Time Stamp,时间
7169,at give tilladelse,Authorization,授权
7170,unormal,Exception,异常
7171,Eksportér til Excel,Export Excel,导出 Excel
7172,Eksport mislykkedes,Export fail,导出失败
7173,Eksport vellykket,Export Success,导出成功
7174,niveau,Level,级别
7175,journal,Logs,日志
7176,niveau,Logs Level,级别
7177,oplysninger,Message,信息
7178,Skabelon,Message Template,模板
7179,attribut,Properties,属性
7180,søg,Search,搜索
7181,可用功能,See all available options,Tilgængeligeunktioner
7182,tid,Time Stamp,时间
7183,at give tilladelse,Authorization,授权
7184,unormal,Exception,异常
7185,Eksportér til Excel,Export Excel,导出 Excel
7186,Eksport mislykkedes,Export fail,导出失败
7187,Eksport vellykket,Export Success,导出成功
7188,niveau,Level,级别
7189,journal,Logs,日志
7190,niveau,Logs Level,级别
7191,oplysninger,Message,信息
7192,Skabelon,Message Template,模板
7193,attribut,Properties,属性
7194,søg,Search,搜索
7195,可用功能,See all available options,Tilgængeligeunktioner
7196,tid,Time Stamp,时间
7197,at give tilladelse,Authorization,授权
7198,unormal,Exception,异常
7199,Eksportér til Excel,Export Excel,导出 Excel
7200,Eksport mislykkedes,Export fail,导出失败
7201,Eksport vellykket,Export Success,导出成功
7202,niveau,Level,级别
7203,journal,Logs,日志
7204,niveau,Logs Level,级别
7205,oplysninger,Message,信息
7206,Skabelon,Message Template,模板
7207,attribut,Properties,属性
7208,søg,Search,搜索
7209,可用功能,See all available options,Tilgængeligeunktioner
7210,tid,Time Stamp,时间
7211,at give tilladelse,Authorization,授权
7212,unormal,Exception,异常
7213,Eksportér til Excel,Export Excel,导出 Excel
7214,Eksport mislykkedes,Export fail,导出失败
7215,Eksport vellykket,Export Success,导出成功
7216,niveau,Level,级别
7217,journal,Logs,日志
7218,niveau,Logs Level,级别
7219,oplysninger,Message,信息
7220,Skabelon,Message Template,模板
7221,attribut,Properties,属性
7222,søg,Search,搜索
7223,可用功能,See all available options,Tilgængeligeunktioner
7224,tid,Time Stamp,时间
7225,at give tilladelse,Authorization,授权
7226,unormal,Exception,异常
7227,Eksportér til Excel,Export Excel,导出 Excel
7228,Eksport mislykkedes,Export fail,导出失败
7229,Eksport vellykket,Export Success,导出成功
7230,niveau,Level,级别
7231,journal,Logs,日志
7232,niveau,Logs Level,级别
7233,oplysninger,Message,信息
7234,Skabelon,Message Template,模板
7235,attribut,Properties,属性
7236,søg,Search,搜索
7237,可用功能,See all available options,Tilgængeligeunktioner
7238,tid,Time Stamp,时间
7239,at give tilladelse,Authorization,授权
7240,unormal,Exception,异常
7241,Eksportér til Excel,Export Excel,导出 Excel
7242,Eksport mislykkedes,Export fail,导出失败
7243,Eksport vellykket,Export Success,导出成功
7244,niveau,Level,级别
7245,journal,Logs,日志
7246,niveau,Logs Level,级别
7247,oplysninger,Message,信息
7248,Skabelon,Message Template,模板
7249,attribut,Properties,属性
7250,søg,Search,搜索
7251,可用功能,See all available options,Tilgængeligeunktioner
7252,tid,Time Stamp,时间
7253,at give tilladelse,Authorization,授权
7254,unormal,Exception,异常
7255,Eksportér til Excel,Export Excel,导出 Excel
7256,Eksport mislykkedes,Export fail,导出失败
7257,Eksport vellykket,Export Success,导出成功
7258,niveau,Level,级别
7259,journal,Logs,日志
7260,niveau,Logs Level,级别
7261,oplysninger,Message,信息
7262,Skabelon,Message Template,模板
7263,attribut,Properties,属性
7264,søg,Search,搜索
7265,可用功能,See all available options,Tilgængeligeunktioner
7266,tid,Time Stamp,时间
7267,at give tilladelse,Authorization,授权
7268,unormal,Exception,异常
7269,Eksportér til Excel,Export Excel,导出 Excel
7270,Eksport mislykkedes,Export fail,导出失败
7271,Eksport vellykket,Export Success,导出成功
7272,niveau,Level,级别
7273,journal,Logs,日志
7274,niveau,Logs Level,级别
7275,oplysninger,Message,信息
7276,Skabelon,Message Template,模板
7277,attribut,Properties,属性
7278,søg,Search,搜索
7279,可用功能,See all available options,Tilgængeligeunktioner
7280,tid,Time Stamp,时间
7281,at give tilladelse,Authorization,授权
7282,unormal,Exception,异常
7283,Eksportér til Excel,Export Excel,导出 Excel
7284,Eksport mislykkedes,Export fail,导出失败
7285,Eksport vellykket,Export Success,导出成功
7286,niveau,Level,级别
7287,journal,Logs,日志
7288,niveau,Logs Level,级别
7289,oplysninger,Message,信息
7290,Skabelon,Message Template,模板
7291,attribut,Properties,属性
7292,søg,Search,搜索
7293,可用功能,See all available options,Tilgængeligeunktioner
7294,tid,Time Stamp,时间
7295,at give tilladelse,Authorization,授权
7296,unormal,Exception,异常
7297,Eksportér til Excel,Export Excel,导出 Excel
7298,Eksport mislykkedes,Export fail,导出失败
7299,Eksport vellykket,Export Success,导出成功
7300,niveau,Level,级别
7301,journal,Logs,日志
7302,niveau,Logs Level,级别
7303,oplysninger,Message,信息
7304,Skabelon,Message Template,模板
7305,attribut,Properties,属性
7306,søg,Search,搜索
7307,可用功能,See all available options,Tilgængeligeunktioner
7308,tid,Time Stamp,时间
7309,at give tilladelse,Authorization,授权
7310,unormal,Exception,异常
7311,Eksportér til Excel,Export Excel,导出 Excel
7312,Eksport mislykkedes,Export fail,导出失败
7313,Eksport vellykket,Export Success,导出成功
7314,niveau,Level,级别
7315,journal,Logs,日志
7316,niveau,Logs Level,级别
7317,oplysninger,Message,信息
7318,Skabelon,Message Template,模板
7319,attribut,Properties,属性
7320,søg,Search,搜索
7321,可用功能,See all available options,Tilgængeligeunktioner
7322,tid,Time Stamp,时间
7323,at give tilladelse,Authorization,授权
7324,unormal,Exception,异常
7325,Eksportér til Excel,Export Excel,导出 Excel
7326,Eksport mislykkedes,Export fail,导出失败
7327,Eksport vellykket,Export Success,导出成功
7328,niveau,Level,级别
7329,journal,Logs,日志
7330,niveau,Logs Level,级别
7331,oplysninger,Message,信息
7332,Skabelon,Message Template,模板
7333,attribut,Properties,属性
7334,søg,Search,搜索
7335,可用功能,See all available options,Tilgængeligeunktioner
7336,tid,Time Stamp,时间
7337,at give tilladelse,Authorization,授权
7338,unormal,Exception,异常
7339,Eksportér til Excel,Export Excel,导出 Excel
7340,Eksport mislykkedes,Export fail,导出失败
7341,Eksport vellykket,Export Success,导出成功
7342,niveau,Level,级别
7343,journal,Logs,日志
7344,niveau,Logs Level,级别
7345,oplysninger,Message,信息
7346,Skabelon,Message Template,模板
7347,attribut,Properties,属性
7348,søg,Search,搜索
7349,可用功能,See all available options,Tilgængeligeunktioner
7350,tid,Time Stamp,时间
7351,at give tilladelse,Authorization,授权
7352,unormal,Exception,异常
7353,Eksportér til Excel,Export Excel,导出 Excel
7354,Eksport mislykkedes,Export fail,导出失败
7355,Eksport vellykket,Export Success,导出成功
7356,niveau,Level,级别
7357,journal,Logs,日志
7358,niveau,Logs Level,级别
7359,oplysninger,Message,信息
7360,Skabelon,Message Template,模板
7361,attribut,Properties,属性
7362,søg,Search,搜索
7363,可用功能,See all available options,Tilgængeligeunktioner
7364,tid,Time Stamp,时间
7365,at give tilladelse,Authorization,授权
7366,unormal,Exception,异常
7367,Eksportér til Excel,Export Excel,导出 Excel
7368,Eksport mislykkedes,Export fail,导出失败
7369,Eksport vellykket,Export Success,导出成功
7370,niveau,Level,级别
7371,journal,Logs,日志
7372,niveau,Logs Level,级别
7373,oplysninger,Message,信息
7374,Skabelon,Message Template,模板
7375,attribut,Properties,属性
7376,søg,Search,搜索
7377,可用功能,See all available options,Tilgængeligeunktioner
7378,tid,Time Stamp,时间
7379,at give tilladelse,Authorization,授权
7380,unormal,Exception,异常
7381,Eksportér til Excel,Export Excel,导出 Excel
7382,Eksport mislykkedes,Export fail,导出失败
7383,Eksport vellykket,Export Success,导出成功
7384,niveau,Level,级别
7385,journal,Logs,日志
7386,niveau,Logs Level,级别
7387,oplysninger,Message,信息
7388,Skabelon,Message Template,模板
7389,attribut,Properties,属性
7390,søg,Search,搜索
7391,可用功能,See all available options,Tilgængeligeunktioner
7392,tid,Time Stamp,时间
7393,at give tilladelse,Authorization,授权
7394,unormal,Exception,异常
7395,Eksportér til Excel,Export Excel,导出 Excel
7396,Eksport mislykkedes,Export fail,导出失败
7397,Eksport vellykket,Export Success,导出成功
7398,niveau,Level,级别
7399,journal,Logs,日志
7400,niveau,Logs Level,级别
7401,oplysninger,Message,信息
7402,Skabelon,Message Template,模板
7403,attribut,Properties,属性
7404,søg,Search,搜索
7405,可用功能,See all available options,Tilgængeligeunktioner
7406,tid,Time Stamp,时间
7407,at give tilladelse,Authorization,授权
7408,unormal,Exception,异常
7409,Eksportér til Excel,Export Excel,导出 Excel
7410,Eksport mislykkedes,Export fail,导出失败
7411,Eksport vellykket,Export Success,导出成功
7412,niveau,Level,级别
7413,journal,Logs,日志
7414,niveau,Logs Level,级别
7415,oplysninger,Message,信息
7416,Skabelon,Message Template,模板
7417,attribut,Properties,属性
7418,søg,Search,搜索
7419,可用功能,See all available options,Tilgængeligeunktioner
7420,tid,Time Stamp,时间
7421,at give tilladelse,Authorization,授权
7422,unormal,Exception,异常
7423,Eksportér til Excel,Export Excel,导出 Excel
7424,Eksport mislykkedes,Export fail,导出失败
7425,Eksport vellykket,Export Success,导出成功
7426,niveau,Level,级别
7427,journal,Logs,日志
7428,niveau,Logs Level,级别
7429,oplysninger,Message,信息
7430,Skabelon,Message Template,模板
7431,attribut,Properties,属性
7432,søg,Search,搜索
7433,可用功能,See all available options,Tilgængeligeunktioner
7434,tid,Time Stamp,时间
7435,at give tilladelse,Authorization,授权
7436,unormal,Exception,异常
7437,Eksportér til Excel,Export Excel,导出 Excel
7438,Eksport mislykkedes,Export fail,导出失败
7439,Eksport vellykket,Export Success,导出成功
7440,niveau,Level,级别
7441,journal,Logs,日志
7442,niveau,Logs Level,级别
7443,oplysninger,Message,信息
7444,Skabelon,Message Template,模板
7445,attribut,Properties,属性
7446,søg,Search,搜索
7447,可用功能,See all available options,Tilgængeligeunktioner
7448,tid,Time Stamp,时间
7449,at give tilladelse,Authorization,授权
7450,unormal,Exception,异常
7451,Eksportér til Excel,Export Excel,导出 Excel
7452,Eksport mislykkedes,Export fail,导出失败
7453,Eksport vellykket,Export Success,导出成功
7454,niveau,Level,级别
7455,journal,Logs,日志
7456,niveau,Logs Level,级别
7457,oplysninger,Message,信息
7458,Skabelon,Message Template,模板
7459,attribut,Properties,属性
7460,søg,Search,搜索
7461,可用功能,See all available options,Tilgængeligeunktioner
7462,tid,Time Stamp,时间
7463,at give tilladelse,Authorization,授权
7464,unormal,Exception,异常
7465,Eksportér til Excel,Export Excel,导出 Excel
7466,Eksport mislykkedes,Export fail,导出失败
7467,Eksport vellykket,Export Success,导出成功
7468,niveau,Level,级别
7469,journal,Logs,日志
7470,niveau,Logs Level,级别
7471,oplysninger,Message,信息
7472,Skabelon,Message Template,模板
7473,attribut,Properties,属性
7474,søg,Search,搜索
7475,可用功能,See all available options,Tilgængeligeunktioner
7476,tid,Time Stamp,时间
7477,at give tilladelse,Authorization,授权
7478,unormal,Exception,异常
7479,Eksportér til Excel,Export Excel,导出 Excel
7480,Eksport mislykkedes,Export fail,导出失败
7481,Eksport vellykket,Export Success,导出成功
7482,niveau,Level,级别
7483,journal,Logs,日志
7484,niveau,Logs Level,级别
7485,oplysninger,Message,信息
7486,Skabelon,Message Template,模板
7487,attribut,Properties,属性
7488,søg,Search,搜索
7489,可用功能,See all available options,Tilgængeligeunktioner
7490,tid,Time Stamp,时间
7491,at give tilladelse,Authorization,授权
7492,unormal,Exception,异常
7493,Eksportér til Excel,Export Excel,导出 Excel
7494,Eksport mislykkedes,Export fail,导出失败
7495,Eksport vellykket,Export Success,导出成功
7496,niveau,Level,级别
7497,journal,Logs,日志
7498,niveau,Logs Level,级别
7499,oplysninger,Message,信息
7500,Skabelon,Message Template,模板
7501,attribut,Properties,属性
7502,søg,Search,搜索
7503,可用功能,See all available options,Tilgængeligeunktioner
7504,tid,Time Stamp,时间
7505,at give tilladelse,Authorization,授权
7506,unormal,Exception,异常
7507,Eksportér til Excel,Export Excel,导出 Excel
7508,Eksport mislykkedes,Export fail,导出失败
7509,Eksport vellykket,Export Success,导出成功
7510,niveau,Level,级别
7511,journal,Logs,日志
7512,niveau,Logs Level,级别
7513,oplysninger,Message,信息
7514,Skabelon,Message Template,模板
7515,attribut,Properties,属性
7516,søg,Search,搜索
7517,可用功能,See all available options,Tilgængeligeunktioner
7518,tid,Time Stamp,时间
7519,at give tilladelse,Authorization,授权
7520,unormal,Exception,异常
7521,Eksportér til Excel,Export Excel,导出 Excel
7522,Eksport mislykkedes,Export fail,导出失败
7523,Eksport vellykket,Export Success,导出成功
7524,niveau,Level,级别
7525,journal,Logs,日志
7526,niveau,Logs Level,级别
7527,oplysninger,Message,信息
7528,Skabelon,Message Template,模板
7529,attribut,Properties,属性
7530,søg,Search,搜索
7531,可用功能,See all available options,Tilgængeligeunktioner
7532,tid,Time Stamp,时间
7533,at give tilladelse,Authorization,授权
7534,unormal,Exception,异常
7535,Eksportér til Excel,Export Excel,导出 Excel
7536,Eksport mislykkedes,Export fail,导出失败
7537,Eksport vellykket,Export Success,导出成功
7538,niveau,Level,级别
7539,journal,Logs,日志
7540,niveau,Logs Level,级别
7541,oplysninger,Message,信息
7542,Skabelon,Message Template,模板
7543,attribut,Properties,属性
7544,søg,Search,搜索
7545,可用功能,See all available options,Tilgængeligeunktioner
7546,tid,Time Stamp,时间
7547,at give tilladelse,Authorization,授权
7548,unormal,Exception,异常
7549,Eksportér til Excel,Export Excel,导出 Excel
7550,Eksport mislykkedes,Export fail,导出失败
7551,Eksport vellykket,Export Success,导出成功
7552,niveau,Level,级别
7553,journal,Logs,日志
7554,niveau,Logs Level,级别
7555,oplysninger,Message,信息
7556,Skabelon,Message Template,模板
7557,attribut,Properties,属性
7558,søg,Search,搜索
7559,可用功能,See all available options,Tilgængeligeunktioner
7560,tid,Time Stamp,时间
7561,at give tilladelse,Authorization,授权
7562,unormal,Exception,异常
7563,Eksportér til Excel,Export Excel,导出 Excel
7564,Eksport mislykkedes,Export fail,导出失败
7565,Eksport vellykket,Export Success,导出成功
7566,niveau,Level,级别
7567,journal,Logs,日志
7568,niveau,Logs Level,级别
7569,oplysninger,Message,信息
7570,Skabelon,Message Template,模板
7571,attribut,Properties,属性
7572,søg,Search,搜索
7573,可用功能,See all available options,Tilgængeligeunktioner
7574,tid,Time Stamp,时间
7575,at give tilladelse,Authorization,授权
7576,unormal,Exception,异常
7577,Eksportér til Excel,Export Excel,导出 Excel
7578,Eksport mislykkedes,Export fail,导出失败
7579,Eksport vellykket,Export Success,导出成功
7580,niveau,Level,级别
7581,journal,Logs,日志
7582,niveau,Logs Level,级别
7583,oplysninger,Message,信息
7584,Skabelon,Message Template,模板
7585,attribut,Properties,属性
7586,søg,Search,搜索
7587,可用功能,See all available options,Tilgængeligeunktioner
7588,tid,Time Stamp,时间
7589,at give tilladelse,Authorization,授权
7590,unormal,Exception,异常
7591,Eksportér til Excel,Export Excel,导出 Excel
7592,Eksport mislykkedes,Export fail,导出失败
7593,Eksport vellykket,Export Success,导出成功
7594,niveau,Level,级别
7595,journal,Logs,日志
7596,niveau,Logs Level,级别
7597,oplysninger,Message,信息
7598,Skabelon,Message Template,模板
7599,attribut,Properties,属性
7600,søg,Search,搜索
7601,可用功能,See all available options,Tilgængeligeunktioner
7602,tid,Time Stamp,时间
7603,at give tilladelse,Authorization,授权
7604,unormal,Exception,异常
7605,Eksportér til Excel,Export Excel,导出 Excel
7606,Eksport mislykkedes,Export fail,导出失败
7607,Eksport vellykket,Export Success,导出成功
7608,niveau,Level,级别
7609,journal,Logs,日志
7610,niveau,Logs Level,级别
7611,oplysninger,Message,信息
7612,Skabelon,Message Template,模板
7613,attribut,Properties,属性
7614,søg,Search,搜索
7615,可用功能,See all available options,Tilgængeligeunktioner
7616,tid,Time Stamp,时间
7617,at give tilladelse,Authorization,授权
7618,unormal,Exception,异常
7619,Eksportér til Excel,Export Excel,导出 Excel
7620,Eksport mislykkedes,Export fail,导出失败
7621,Eksport vellykket,Export Success,导出成功
7622,niveau,Level,级别
7623,journal,Logs,日志
7624,niveau,Logs Level,级别
7625,oplysninger,Message,信息
7626,Skabelon,Message Template,模板
7627,attribut,Properties,属性
7628,søg,Search,搜索
7629,可用功能,See all available options,Tilgængeligeunktioner
7630,tid,Time Stamp,时间
7631,at give tilladelse,Authorization,授权
7632,unormal,Exception,异常
7633,Eksportér til Excel,Export Excel,导出 Excel
7634,Eksport mislykkedes,Export fail,导出失败
7635,Eksport vellykket,Export Success,导出成功
7636,niveau,Level,级别
7637,journal,Logs,日志
7638,niveau,Logs Level,级别
7639,oplysninger,Message,信息
7640,Skabelon,Message Template,模板
7641,attribut,Properties,属性
7642,søg,Search,搜索
7643,可用功能,See all available options,Tilgængeligeunktioner
7644,tid,Time Stamp,时间
7645,at give tilladelse,Authorization,授权
7646,unormal,Exception,异常
7647,Eksportér til Excel,Export Excel,导出 Excel
7648,Eksport mislykkedes,Export fail,导出失败
7649,Eksport vellykket,Export Success,导出成功
7650,niveau,Level,级别
7651,journal,Logs,日志
7652,niveau,Logs Level,级别
7653,oplysninger,Message,信息
7654,Skabelon,Message Template,模板
7655,attribut,Properties,属性
7656,søg,Search,搜索
7657,可用功能,See all available options,Tilgængeligeunktioner
7658,tid,Time Stamp,时间
7659,at give tilladelse,Authorization,授权
7660,unormal,Exception,异常
7661,Eksportér til Excel,Export Excel,导出 Excel
7662,Eksport mislykkedes,Export fail,导出失败
7663,Eksport vellykket,Export Success,导出成功
7664,niveau,Level,级别
7665,journal,Logs,日志
7666,niveau,Logs Level,级别
7667,oplysninger,Message,信息
7668,Skabelon,Message Template,模板
7669,attribut,Properties,属性
7670,søg,Search,搜索
7671,可用功能,See all available options,Tilgængeligeunktioner
7672,tid,Time Stamp,时间
7673,at give tilladelse,Authorization,授权
7674,unormal,Exception,异常
7675,Eksportér til Excel,Export Excel,导出 Excel
7676,Eksport mislykkedes,Export fail,导出失败
7677,Eksport vellykket,Export Success,导出成功
7678,niveau,Level,级别
7679,journal,Logs,日志
7680,niveau,Logs Level,级别
7681,oplysninger,Message,信息
7682,Skabelon,Message Template,模板
7683,attribut,Properties,属性
7684,søg,Search,搜索
7685,可用功能,See all available options,Tilgængeligeunktioner
7686,tid,Time Stamp,时间
7687,at give tilladelse,Authorization,授权
7688,unormal,Exception,异常
7689,Eksportér til Excel,Export Excel,导出 Excel
7690,Eksport mislykkedes,Export fail,导出失败
7691,Eksport vellykket,Export Success,导出成功
7692,niveau,Level,级别
7693,journal,Logs,日志
7694,niveau,Logs Level,级别
7695,oplysninger,Message,信息
7696,Skabelon,Message Template,模板
7697,attribut,Properties,属性
7698,søg,Search,搜索
7699,可用功能,See all available options,Tilgængeligeunktioner
7700,tid,Time Stamp,时间
7701,at give tilladelse,Authorization,授权
7702,unormal,Exception,异常
7703,Eksportér til Excel,Export Excel,导出 Excel
7704,Eksport mislykkedes,Export fail,导出失败
7705,Eksport vellykket,Export Success,导出成功
7706,niveau,Level,级别
7707,journal,Logs,日志
7708,niveau,Logs Level,级别
7709,oplysninger,Message,信息
7710,Skabelon,Message Template,模板
7711,attribut,Properties,属性
7712,søg,Search,搜索
7713,可用功能,See all available options,Tilgængeligeunktioner
7714,tid,Time Stamp,时间
7715,at give tilladelse,Authorization,授权
7716,unormal,Exception,异常
7717,Eksportér til Excel,Export Excel,导出 Excel
7718,Eksport mislykkedes,Export fail,导出失败
7719,Eksport vellykket,Export Success,导出成功
7720,niveau,Level,级别
7721,journal,Logs,日志
7722,niveau,Logs Level,级别
7723,oplysninger,Message,信息
7724,Skabelon,Message Template,模板
7725,attribut,Properties,属性
7726,søg,Search,搜索
7727,可用功能,See all available options,Tilgængeligeunktioner
7728,tid,Time Stamp,时间
7729,at give tilladelse,Authorization,授权
7730,unormal,Exception,异常
7731,Eksportér til Excel,Export Excel,导出 Excel
7732,Eksport mislykkedes,Export fail,导出失败
7733,Eksport vellykket,Export Success,导出成功
7734,niveau,Level,级别
7735,journal,Logs,日志
7736,niveau,Logs Level,级别
7737,oplysninger,Message,信息
7738,Skabelon,Message Template,模板
7739,attribut,Properties,属性
7740,søg,Search,搜索
7741,可用功能,See all available options,Tilgængeligeunktioner
7742,tid,Time Stamp,时间
7743,at give tilladelse,Authorization,授权
7744,unormal,Exception,异常
7745,Eksportér til Excel,Export Excel,导出 Excel
7746,Eksport mislykkedes,Export fail,导出失败
7747,Eksport vellykket,Export Success,导出成功
7748,niveau,Level,级别
7749,journal,Logs,日志
7750,niveau,Logs Level,级别
7751,oplysninger,Message,信息
7752,Skabelon,Message Template,模板
7753,attribut,Properties,属性
7754,søg,Search,搜索
7755,可用功能,See all available options,Tilgængeligeunktioner
7756,tid,Time Stamp,时间
7757,at give tilladelse,Authorization,授权
7758,unormal,Exception,异常
7759,Eksportér til Excel,Export Excel,导出 Excel
7760,Eksport mislykkedes,Export fail,导出失败
7761,Eksport vellykket,Export Success,导出成功
7762,niveau,Level,级别
7763,journal,Logs,日志
7764,niveau,Logs Level,级别
7765,oplysninger,Message,信息
7766,Skabelon,Message Template,模板
7767,attribut,Properties,属性
7768,søg,Search,搜索
7769,可用功能,See all available options,Tilgængeligeunktioner
7770,tid,Time Stamp,时间
7771,at give tilladelse,Authorization,授权
7772,unormal,Exception,异常
7773,Eksportér til Excel,Export Excel,导出 Excel
7774,Eksport mislykkedes,Export fail,导出失败
7775,Eksport vellykket,Export Success,导出成功
7776,niveau,Level,级别
7777,journal,Logs,日志
7778,niveau,Logs Level,级别
7779,oplysninger,Message,信息
7780,Skabelon,Message Template,模板
7781,attribut,Properties,属性
7782,søg,Search,搜索
7783,可用功能,See all available options,Tilgængeligeunktioner
7784,tid,Time Stamp,时间
7785,at give tilladelse,Authorization,授权
7786,unormal,Exception,异常
7787,Eksportér til Excel,Export Excel,导出 Excel
7788,Eksport mislykkedes,Export fail,导出失败
7789,Eksport vellykket,Export Success,导出成功
7790,niveau,Level,级别
7791,journal,Logs,日志
7792,niveau,Logs Level,级别
7793,oplysninger,Message,信息
7794,Skabelon,Message Template,模板
7795,attribut,Properties,属性
7796,søg,Search,搜索
7797,可用功能,See all available options,Tilgængeligeunktioner
7798,tid,Time Stamp,时间
7799,at give tilladelse,Authorization,授权
7800,unormal,Exception,异常
7801,Eksportér til Excel,Export Excel,导出 Excel
7802,Eksport mislykkedes,Export fail,导出失败
7803,Eksport vellykket,Export Success,导出成功
7804,niveau,Level,级别
7805,journal,Logs,日志
7806,niveau,Logs Level,级别
7807,oplysninger,Message,信息
7808,Skabelon,Message Template,模板
7809,attribut,Properties,属性
7810,søg,Search,搜索
7811,可用功能,See all available options,Tilgængeligeunktioner
7812,tid,Time Stamp,时间
7813,at give tilladelse,Authorization,授权
7814,unormal,Exception,异常
7815,Eksportér til Excel,Export Excel,导出 Excel
7816,Eksport mislykkedes,Export fail,导出失败
7817,Eksport vellykket,Export Success,导出成功
7818,niveau,Level,级别
7819,journal,Logs,日志
7820,niveau,Logs Level,级别
7821,oplysninger,Message,信息
7822,Skabelon,Message Template,模板
7823,attribut,Properties,属性
7824,søg,Search,搜索
7825,可用功能,See all available options,Tilgængeligeunktioner
7826,tid,Time Stamp,时间
7827,at give tilladelse,Authorization,授权
7828,unormal,Exception,异常
7829,Eksportér til Excel,Export Excel,导出 Excel
7830,Eksport mislykkedes,Export fail,导出失败
7831,Eksport vellykket,Export Success,导出成功
7832,niveau,Level,级别
7833,journal,Logs,日志
7834,niveau,Logs Level,级别
7835,oplysninger,Message,信息
7836,Skabelon,Message Template,模板
7837,attribut,Properties,属性
7838,søg,Search,搜索
7839,可用功能,See all available options,Tilgængeligeunktioner
7840,tid,Time Stamp,时间
7841,at give tilladelse,Authorization,授权
7842,unormal,Exception,异常
7843,Eksportér til Excel,Export Excel,导出 Excel
7844,Eksport mislykkedes,Export fail,导出失败
7845,Eksport vellykket,Export Success,导出成功
7846,niveau,Level,级别
7847,journal,Logs,日志
7848,niveau,Logs Level,级别
7849,oplysninger,Message,信息
7850,Skabelon,Message Template,模板
7851,attribut,Properties,属性
7852,søg,Search,搜索
7853,可用功能,See all available options,Tilgængeligeunktioner
7854,tid,Time Stamp,时间
7855,at give tilladelse,Authorization,授权
7856,unormal,Exception,异常
7857,Eksportér til Excel,Export Excel,导出 Excel
7858,Eksport mislykkedes,Export fail,导出失败
7859,Eksport vellykket,Export Success,导出成功
7860,niveau,Level,级别
7861,journal,Logs,日志
7862,niveau,Logs Level,级别
7863,oplysninger,Message,信息
7864,Skabelon,Message Template,模板
7865,attribut,Properties,属性
7866,søg,Search,搜索
7867,可用功能,See all available options,Tilgængeligeunktioner
7868,tid,Time Stamp,时间
7869,at give tilladelse,Authorization,授权
7870,unormal,Exception,异常
7871,Eksportér til Excel,Export Excel,导出 Excel
7872,Eksport mislykkedes,Export fail,导出失败
7873,Eksport vellykket,Export Success,导出成功
7874,niveau,Level,级别
7875,journal,Logs,日志
7876,niveau,Logs Level,级别
7877,oplysninger,Message,信息
7878,Skabelon,Message Template,模板
7879,attribut,Properties,属性
7880,søg,Search,搜索
7881,可用功能,See all available options,Tilgængeligeunktioner
7882,tid,Time Stamp,时间
7883,at give tilladelse,Authorization,授权
7884,unormal,Exception,异常
7885,Eksportér til Excel,Export Excel,导出 Excel
7886,Eksport mislykkedes,Export fail,导出失败
7887,Eksport vellykket,Export Success,导出成功
7888,niveau,Level,级别
7889,journal,Logs,日志
7890,niveau,Logs Level,级别
7891,oplysninger,Message,信息
7892,Skabelon,Message Template,模板
7893,attribut,Properties,属性
7894,søg,Search,搜索
7895,可用功能,See all available options,Tilgængeligeunktioner
7896,tid,Time Stamp,时间
7897,at give tilladelse,Authorization,授权
7898,unormal,Exception,异常
7899,Eksportér til Excel,Export Excel,导出 Excel
7900,Eksport mislykkedes,Export fail,导出失败
7901,Eksport vellykket,Export Success,导出成功
7902,niveau,Level,级别
7903,journal,Logs,日志
7904,niveau,Logs Level,级别
7905,oplysninger,Message,信息
7906,Skabelon,Message Template,模板
7907,attribut,Properties,属性
7908,søg,Search,搜索
7909,可用功能,See all available options,Tilgængeligeunktioner
7910,tid,Time Stamp,时间
7911,at give tilladelse,Authorization,授权
7912,unormal,Exception,异常
7913,Eksportér til Excel,Export Excel,导出 Excel
7914,Eksport mislykkedes,Export fail,导出失败
7915,Eksport vellykket,Export Success,导出成功
7916,niveau,Level,级别
7917,journal,Logs,日志
7918,niveau,Logs Level,级别
7919,oplysninger,Message,信息
7920,Skabelon,Message Template,模板
7921,attribut,Properties,属性
7922,søg,Search,搜索
7923,可用功能,See all available options,Tilgængeligeunktioner
7924,tid,Time Stamp,时间
7925,at give tilladelse,Authorization,授权
7926,unormal,Exception,异常
7927,Eksportér til Excel,Export Excel,导出 Excel
7928,Eksport mislykkedes,Export fail,导出失败
7929,Eksport vellykket,Export Success,导出成功
7930,niveau,Level,级别
7931,journal,Logs,日志
7932,niveau,Logs Level,级别
7933,oplysninger,Message,信息
7934,Skabelon,Message Template,模板
7935,attribut,Properties,属性
7936,søg,Search,搜索
7937,可用功能,See all available options,Tilgængeligeunktioner
7938,tid,Time Stamp,时间
7939,at give tilladelse,Authorization,授权
7940,unormal,Exception,异常
7941,Eksportér til Excel,Export Excel,导出 Excel
7942,Eksport mislykkedes,Export fail,导出失败
7943,Eksport vellykket,Export Success,导出成功
7944,niveau,Level,级别
7945,journal,Logs,日志
7946,niveau,Logs Level,级别
7947,oplysninger,Message,信息
7948,Skabelon,Message Template,模板
7949,attribut,Properties,属性
7950,søg,Search,搜索
7951,可用功能,See all available options,Tilgængeligeunktioner
7952,tid,Time Stamp,时间
7953,at give tilladelse,Authorization,授权
7954,unormal,Exception,异常
7955,Eksportér til Excel,Export Excel,导出 Excel
7956,Eksport mislykkedes,Export fail,导出失败
7957,Eksport vellykket,Export Success,导出成功
7958,niveau,Level,级别
7959,journal,Logs,日志
7960,niveau,Logs Level,级别
7961,oplysninger,Message,信息
7962,Skabelon,Message Template,模板
7963,attribut,Properties,属性
7964,søg,Search,搜索
7965,可用功能,See all available options,Tilgængeligeunktioner
7966,tid,Time Stamp,时间
7967,at give tilladelse,Authorization,授权
7968,unormal,Exception,异常
7969,Eksportér til Excel,Export Excel,导出 Excel
7970,Eksport mislykkedes,Export fail,导出失败
7971,Eksport vellykket,Export Success,导出成功
7972,niveau,Level,级别
7973,journal,Logs,日志
7974,niveau,Logs Level,级别
7975,oplysninger,Message,信息
7976,Skabelon,Message Template,模板
7977,attribut,Properties,属性
7978,søg,Search,搜索
7979,可用功能,See all available options,Tilgængeligeunktioner
7980,tid,Time Stamp,时间
7981,at give tilladelse,Authorization,授权
7982,unormal,Exception,异常
7983,Eksportér til Excel,Export Excel,导出 Excel
7984,Eksport mislykkedes,Export fail,导出失败
7985,Eksport vellykket,Export Success,导出成功
7986,niveau,Level,级别
7987,journal,Logs,日志
7988,niveau,Logs Level,级别
7989,oplysninger,Message,信息
7990,Skabelon,Message Template,模板
7991,attribut,Properties,属性
7992,søg,Search,搜索
7993,可用功能,See all available options,Tilgængeligeunktioner
7994,tid,Time Stamp,时间
7995,at give tilladelse,Authorization,授权
7996,unormal,Exception,异常
7997,Eksportér til Excel,Export Excel,导出 Excel
7998,Eksport mislykkedes,Export fail,导出失败
7999,Eksport vellykket,Export Success,导出成功
8000,niveau,Level,级别
8001,journal,Logs,日志
8002,niveau,Logs Level,级别
8003,oplysninger,Message,信息
8004,Skabelon,Message Template,模板
8005,attribut,Properties,属性
8006,søg,Search,搜索
8007,可用功能,See all available options,Tilgængeligeunktioner
8008,tid,Time Stamp,时间
8009,at give tilladelse,Authorization,授权
8010,unormal,Exception,异常
8011,Eksportér til Excel,Export Excel,导出 Excel
8012,Eksport mislykkedes,Export fail,导出失败
8013,Eksport vellykket,Export Success,导出成功
8014,niveau,Level,级别
8015,journal,Logs,日志
8016,niveau,Logs Level,级别
8017,oplysninger,Message,信息
8018,Skabelon,Message Template,模板
8019,attribut,Properties,属性
8020,søg,Search,搜索
8021,可用功能,See all available options,Tilgængeligeunktioner
8022,tid,Time Stamp,时间
8023,at give tilladelse,Authorization,授权
8024,unormal,Exception,异常
8025,Eksportér til Excel,Export Excel,导出 Excel
8026,Eksport mislykkedes,Export fail,导出失败
8027,Eksport vellykket,Export Success,导出成功
8028,niveau,Level,级别
8029,journal,Logs,日志
8030,niveau,Logs Level,级别
8031,oplysninger,Message,信息
8032,Skabelon,Message Template,模板
8033,attribut,Properties,属性
8034,søg,Search,搜索
8035,可用功能,See all available options,Tilgængeligeunktioner
8036,tid,Time Stamp,时间
8037,at give tilladelse,Authorization,授权
8038,unormal,Exception,异常
8039,Eksportér til Excel,Export Excel,导出 Excel
8040,Eksport mislykkedes,Export fail,导出失败
8041,Eksport vellykket,Export Success,导出成功
8042,niveau,Level,级别
8043,journal,Logs,日志
8044,niveau,Logs Level,级别
8045,oplysninger,Message,信息
8046,Skabelon,Message Template,模板
8047,attribut,Properties,属性
8048,søg,Search,搜索
8049,可用功能,See all available options,Tilgængeligeunktioner
8050,tid,Time Stamp,时间
8051,at give tilladelse,Authorization,授权
8052,unormal,Exception,异常
8053,Eksportér til Excel,Export Excel,导出 Excel
8054,Eksport mislykkedes,Export fail,导出失败
8055,Eksport vellykket,Export Success,导出成功
8056,niveau,Level,级别
8057,journal,Logs,日志
8058,niveau,Logs Level,级别
8059,oplysninger,Message,信息
8060,Skabelon,Message Template,模板
8061,attribut,Properties,属性
8062,søg,Search,搜索
8063,可用功能,See all available options,Tilgængeligeunktioner
8064,tid,Time Stamp,时间
8065,at give tilladelse,Authorization,授权
8066,unormal,Exception,异常
8067,Eksportér til Excel,Export Excel,导出 Excel
8068,Eksport mislykkedes,Export fail,导出失败
8069,Eksport vellykket,Export Success,导出成功
8070,niveau,Level,级别
8071,journal,Logs,日志
8072,niveau,Logs Level,级别
8073,oplysninger,Message,信息
8074,Skabelon,Message Template,模板
8075,attribut,Properties,属性
8076,søg,Search,搜索
8077,可用功能,See all available options,Tilgængeligeunktioner
8078,tid,Time Stamp,时间
8079,at give tilladelse,Authorization,授权
8080,unormal,Exception,异常
8081,Eksportér til Excel,Export Excel,导出 Excel
8082,Eksport mislykkedes,Export fail,导出失败
8083,Eksport vellykket,Export Success,导出成功
8084,niveau,Level,级别
8085,journal,Logs,日志
8086,niveau,Logs Level,级别
8087,oplysninger,Message,信息
8088,Skabelon,Message Template,模板
8089,attribut,Properties,属性
8090,søg,Search,搜索
8091,可用功能,See all available options,Tilgængeligeunktioner
8092,tid,Time Stamp,时间
8093,at give tilladelse,Authorization,授权
8094,unormal,Exception,异常
8095,Eksportér til Excel,Export Excel,导出 Excel
8096,Eksport mislykkedes,Export fail,导出失败
8097,Eksport vellykket,Export Success,导出成功
8098,niveau,Level,级别
8099,journal,Logs,日志
8100,niveau,Logs Level,级别
8101,oplysninger,Message,信息
8102,Skabelon,Message Template,模板
8103,attribut,Properties,属性
8104,søg,Search,搜索
8105,可用功能,See all available options,Tilgængeligeunktioner
8106,tid,Time Stamp,时间
8107,at give tilladelse,Authorization,授权
8108,unormal,Exception,异常
8109,Eksportér til Excel,Export Excel,导出 Excel
8110,Eksport mislykkedes,Export fail,导出失败
8111,Eksport vellykket,Export Success,导出成功
8112,niveau,Level,级别
8113,journal,Logs,日志
8114,niveau,Logs Level,级别
8115,oplysninger,Message,信息
8116,Skabelon,Message Template,模板
8117,attribut,Properties,属性
8118,søg,Search,搜索
8119,可用功能,See all available options,Tilgængeligeunktioner
8120,tid,Time Stamp,时间
8121,at give tilladelse,Authorization,授权
8122,unormal,Exception,异常
8123,Eksportér til Excel,Export Excel,导出 Excel
8124,Eksport mislykkedes,Export fail,导出失败
8125,Eksport vellykket,Export Success,导出成功
8126,niveau,Level,级别
8127,journal,Logs,日志
8128,niveau,Logs Level,级别
8129,oplysninger,Message,信息
8130,Skabelon,Message Template,模板
8131,attribut,Properties,属性
8132,søg,Search,搜索
8133,可用功能,See all available options,Tilgængeligeunktioner
8134,tid,Time Stamp,时间
8135,at give tilladelse,Authorization,授权
8136,unormal,Exception,异常
8137,Eksportér til Excel,Export Excel,导出 Excel
8138,Eksport mislykkedes,Export fail,导出失败
8139,Eksport vellykket,Export Success,导出成功
8140,niveau,Level,级别
8141,journal,Logs,日志
8142,niveau,Logs Level,级别
8143,oplysninger,Message,信息
8144,Skabelon,Message Template,模板
8145,attribut,Properties,属性
8146,søg,Search,搜索
8147,可用功能,See all available options,Tilgængeligeunktioner
8148,tid,Time Stamp,时间
8149,at give tilladelse,Authorization,授权
8150,unormal,Exception,异常
8151,Eksportér til Excel,Export Excel,导出 Excel
8152,Eksport mislykkedes,Export fail,导出失败
8153,Eksport vellykket,Export Success,导出成功
8154,niveau,Level,级别
8155,journal,Logs,日志
8156,niveau,Logs Level,级别
8157,oplysninger,Message,信息
8158,Skabelon,Message Template,模板
8159,attribut,Properties,属性
8160,søg,Search,搜索
8161,可用功能,See all available options,Tilgængeligeunktioner
8162,tid,Time Stamp,时间
8163,at give tilladelse,Authorization,授权
8164,unormal,Exception,异常
8165,Eksportér til Excel,Export Excel,导出 Excel
8166,Eksport mislykkedes,Export fail,导出失败
8167,Eksport vellykket,Export Success,导出成功
8168,niveau,Level,级别
8169,journal,Logs,日志
8170,niveau,Logs Level,级别
8171,oplysninger,Message,信息
8172,Skabelon,Message Template,模板
8173,attribut,Properties,属性
8174,søg,Search,搜索
8175,可用功能,See all available options,Tilgængeligeunktioner
8176,tid,Time Stamp,时间
8177,at give tilladelse,Authorization,授权
8178,unormal,Exception,异常
8179,Eksportér til Excel,Export Excel,导出 Excel
8180,Eksport mislykkedes,Export fail,导出失败
8181,Eksport vellykket,Export Success,导出成功
8182,niveau,Level,级别
8183,journal,Logs,日志
8184,niveau,Logs Level,级别
8185,oplysninger,Message,信息
8186,Skabelon,Message Template,模板
8187,attribut,Properties,属性
8188,søg,Search,搜索
8189,可用功能,See all available options,Tilgængeligeunktioner
8190,tid,Time Stamp,时间
8191,at give tilladelse,Authorization,授权
8192,unormal,Exception,异常
8193,Eksportér til Excel,Export Excel,导出 Excel
8194,Eksport mislykkedes,Export fail,导出失败
8195,Eksport vellykket,Export Success,导出成功
8196,niveau,Level,级别
8197,journal,Logs,日志
8198,niveau,Logs Level,级别
8199,oplysninger,Message,信息
8200,Skabelon,Message Template,模板
8201,attribut,Properties,属性
8202,søg,Search,搜索
8203,可用功能,See all available options,Tilgængeligeunktioner
8204,tid,Time Stamp,时间
8205,at give tilladelse,Authorization,授权
8206,unormal,Exception,异常
8207,Eksportér til Excel,Export Excel,导出 Excel
8208,Eksport mislykkedes,Export fail,导出失败
8209,Eksport vellykket,Export Success,导出成功
8210,niveau,Level,级别
8211,journal,Logs,日志
8212,niveau,Logs Level,级别
8213,oplysninger,Message,信息
8214,Skabelon,Message Template,模板
8215,attribut,Properties,属性
8216,søg,Search,搜索
8217,可用功能,See all available options,Tilgængeligeunktioner
8218,tid,Time Stamp,时间
8219,at give tilladelse,Authorization,授权
8220,unormal,Exception,异常
8221,Eksportér til Excel,Export Excel,导出 Excel
8222,Eksport mislykkedes,Export fail,导出失败
8223,Eksport vellykket,Export Success,导出成功
8224,niveau,Level,级别
8225,journal,Logs,日志
8226,niveau,Logs Level,级别
8227,oplysninger,Message,信息
8228,Skabelon,Message Template,模板
8229,attribut,Properties,属性
8230,søg,Search,搜索
8231,可用功能,See all available options,Tilgængeligeunktioner
8232,tid,Time Stamp,时间
8233,at give tilladelse,Authorization,授权
8234,unormal,Exception,异常
8235,Eksportér til Excel,Export Excel,导出 Excel
8236,Eksport mislykkedes,Export fail,导出失败
8237,Eksport vellykket,Export Success,导出成功
8238,niveau,Level,级别
8239,journal,Logs,日志
8240,niveau,Logs Level,级别
8241,oplysninger,Message,信息
8242,Skabelon,Message Template,模板
8243,attribut,Properties,属性
8244,søg,Search,搜索
8245,可用功能,See all available options,Tilgængeligeunktioner
8246,tid,Time Stamp,时间
8247,at give tilladelse,Authorization,授权
8248,unormal,Exception,异常
8249,Eksportér til Excel,Export Excel,导出 Excel
8250,Eksport mislykkedes,Export fail,导出失败
8251,Eksport vellykket,Export Success,导出成功
8252,niveau,Level,级别
8253,journal,Logs,日志
8254,niveau,Logs Level,级别
8255,oplysninger,Message,信息
8256,Skabelon,Message Template,模板
8257,attribut,Properties,属性
8258,søg,Search,搜索
8259,可用功能,See all available options,Tilgængeligeunktioner
8260,tid,Time Stamp,时间
8261,at give tilladelse,Authorization,授权
8262,unormal,Exception,异常
8263,Eksportér til Excel,Export Excel,导出 Excel
8264,Eksport mislykkedes,Export fail,导出失败
8265,Eksport vellykket,Export Success,导出成功
8266,niveau,Level,级别
8267,journal,Logs,日志
8268,niveau,Logs Level,级别
8269,oplysninger,Message,信息
8270,Skabelon,Message Template,模板
8271,attribut,Properties,属性
8272,søg,Search,搜索
8273,可用功能,See all available options,Tilgængeligeunktioner
8274,tid,Time Stamp,时间
8275,at give tilladelse,Authorization,授权
8276,unormal,Exception,异常
8277,Eksportér til Excel,Export Excel,导出 Excel
8278,Eksport mislykkedes,Export fail,导出失败
8279,Eksport vellykket,Export Success,导出成功
8280,niveau,Level,级别
8281,journal,Logs,日志
8282,niveau,Logs Level,级别
8283,oplysninger,Message,信息
8284,Skabelon,Message Template,模板
8285,attribut,Properties,属性
8286,søg,Search,搜索
8287,可用功能,See all available options,Tilgængeligeunktioner
8288,tid,Time Stamp,时间
8289,at give tilladelse,Authorization,授权
8290,unormal,Exception,异常
8291,Eksportér til Excel,Export Excel,导出 Excel
8292,Eksport mislykkedes,Export fail,导出失败
8293,Eksport vellykket,Export Success,导出成功
8294,niveau,Level,级别
8295,journal,Logs,日志
8296,niveau,Logs Level,级别
8297,oplysninger,Message,信息
8298,Skabelon,Message Template,模板
8299,attribut,Properties,属性
8300,søg,Search,搜索
8301,可用功能,See all available options,Tilgængeligeunktioner
8302,tid,Time Stamp,时间
8303,at give tilladelse,Authorization,授权
8304,unormal,Exception,异常
8305,Eksportér til Excel,Export Excel,导出 Excel
8306,Eksport mislykkedes,Export fail,导出失败
8307,Eksport vellykket,Export Success,导出成功
8308,niveau,Level,级别
8309,journal,Logs,日志
8310,niveau,Logs Level,级别
8311,oplysninger,Message,信息
8312,Skabelon,Message Template,模板
8313,attribut,Properties,属性
8314,søg,Search,搜索
8315,可用功能,See all available options,Tilgængeligeunktioner
8316,tid,Time Stamp,时间
8317,at give tilladelse,Authorization,授权
8318,unormal,Exception,异常
8319,Eksportér til Excel,Export Excel,导出 Excel
8320,Eksport mislykkedes,Export fail,导出失败
8321,Eksport vellykket,Export Success,导出成功
8322,niveau,Level,级别
8323,journal,Logs,日志
8324,niveau,Logs Level,级别
8325,oplysninger,Message,信息
8326,Skabelon,Message Template,模板
8327,attribut,Properties,属性
8328,søg,Search,搜索
8329,可用功能,See all available options,Tilgængeligeunktioner
8330,tid,Time Stamp,时间
8331,at give tilladelse,Authorization,授权
8332,unormal,Exception,异常
8333,Eksportér til Excel,Export Excel,导出 Excel
8334,Eksport mislykkedes,Export fail,导出失败
8335,Eksport vellykket,Export Success,导出成功
8336,niveau,Level,级别
8337,journal,Logs,日志
8338,niveau,Logs Level,级别
8339,oplysninger,Message,信息
8340,Skabelon,Message Template,模板
8341,attribut,Properties,属性
8342,søg,Search,搜索
8343,可用功能,See all available options,Tilgængeligeunktioner
8344,tid,Time Stamp,时间
8345,at give tilladelse,Authorization,授权
8346,unormal,Exception,异常
8347,Eksportér til Excel,Export Excel,导出 Excel
8348,Eksport mislykkedes,Export fail,导出失败
8349,Eksport vellykket,Export Success,导出成功
8350,niveau,Level,级别
8351,journal,Logs,日志
8352,niveau,Logs Level,级别
8353,oplysninger,Message,信息
8354,Skabelon,Message Template,模板
8355,attribut,Properties,属性
8356,søg,Search,搜索
8357,可用功能,See all available options,Tilgængeligeunktioner
8358,tid,Time Stamp,时间
8359,at give tilladelse,Authorization,授权
8360,unormal,Exception,异常
8361,Eksportér til Excel,Export Excel,导出 Excel
8362,Eksport mislykkedes,Export fail,导出失败
8363,Eksport vellykket,Export Success,导出成功
8364,niveau,Level,级别
8365,journal,Logs,日志
8366,niveau,Logs Level,级别
8367,oplysninger,Message,信息
8368,Skabelon,Message Template,模板
8369,attribut,Properties,属性
8370,søg,Search,搜索
8371,可用功能,See all available options,Tilgængeligeunktioner
8372,tid,Time Stamp,时间
8373,at give tilladelse,Authorization,授权
8374,unormal,Exception,异常
8375,Eksportér til Excel,Export Excel,导出 Excel
8376,Eksport mislykkedes,Export fail,导出失败
8377,Eksport vellykket,Export Success,导出成功
8378,niveau,Level,级别
8379,journal,Logs,日志
8380,niveau,Logs Level,级别
8381,oplysninger,Message,信息
8382,Skabelon,Message Template,模板
8383,attribut,Properties,属性
8384,søg,Search,搜索
8385,可用功能,See all available options,Tilgængeligeunktioner
8386,tid,Time Stamp,时间
8387,at give tilladelse,Authorization,授权
8388,unormal,Exception,异常
8389,Eksportér til Excel,Export Excel,导出 Excel
8390,Eksport mislykkedes,Export fail,导出失败
8391,Eksport vellykket,Export Success,导出成功
8392,niveau,Level,级别
8393,journal,Logs,日志
8394,niveau,Logs Level,级别
8395,oplysninger,Message,信息
8396,Skabelon,Message Template,模板
8397,attribut,Properties,属性
8398,søg,Search,搜索
8399,可用功能,See all available options,Tilgængeligeunktioner
8400,tid,Time Stamp,时间
8401,at give tilladelse,Authorization,授权
8402,unormal,Exception,异常
8403,Eksportér til Excel,Export Excel,导出 Excel
8404,Eksport mislykkedes,Export fail,导出失败
8405,Eksport vellykket,Export Success,导出成功
8406,niveau,Level,级别
8407,journal,Logs,日志
8408,niveau,Logs Level,级别
8409,oplysninger,Message,信息
8410,Skabelon,Message Template,模板
8411,attribut,Properties,属性
8412,søg,Search,搜索
8413,可用功能,See all available options,Tilgængeligeunktioner
8414,tid,Time Stamp,时间
8415,at give tilladelse,Authorization,授权
8416,unormal,Exception,异常
8417,Eksportér til Excel,Export Excel,导出 Excel
8418,Eksport mislykkedes,Export fail,导出失败
8419,Eksport vellykket,Export Success,导出成功
8420,niveau,Level,级别
8421,journal,Logs,日志
8422,niveau,Logs Level,级别
8423,oplysninger,Message,信息
8424,Skabelon,Message Template,模板
8425,attribut,Properties,属性
8426,søg,Search,搜索
8427,可用功能,See all available options,Tilgængeligeunktioner
8428,tid,Time Stamp,时间
8429,at give tilladelse,Authorization,授权
8430,unormal,Exception,异常
8431,Eksportér til Excel,Export Excel,导出 Excel
8432,Eksport mislykkedes,Export fail,导出失败
8433,Eksport vellykket,Export Success,导出成功
8434,niveau,Level,级别
8435,journal,Logs,日志
8436,niveau,Logs Level,级别
8437,oplysninger,Message,信息
8438,Skabelon,Message Template,模板
8439,attribut,Properties,属性
8440,søg,Search,搜索
8441,可用功能,See all available options,Tilgængeligeunktioner
8442,tid,Time Stamp,时间
8443,at give tilladelse,Authorization,授权
8444,unormal,Exception,异常
8445,Eksportér til Excel,Export Excel,导出 Excel
8446,Eksport mislykkedes,Export fail,导出失败
8447,Eksport vellykket,Export Success,导出成功
8448,niveau,Level,级别
8449,journal,Logs,日志
8450,niveau,Logs Level,级别
8451,oplysninger,Message,信息
8452,Skabelon,Message Template,模板
8453,attribut,Properties,属性
8454,søg,Search,搜索
8455,可用功能,See all available options,Tilgængeligeunktioner
8456,tid,Time Stamp,时间
8457,at give tilladelse,Authorization,授权
8458,unormal,Exception,异常
8459,Eksportér til Excel,Export Excel,导出 Excel
8460,Eksport mislykkedes,Export fail,导出失败
8461,Eksport vellykket,Export Success,导出成功
8462,niveau,Level,级别
8463,journal,Logs,日志
8464,niveau,Logs Level,级别
8465,oplysninger,Message,信息
8466,Skabelon,Message Template,模板
8467,attribut,Properties,属性
8468,søg,Search,搜索
8469,可用功能,See all available options,Tilgængeligeunktioner
8470,tid,Time Stamp,时间
8471,at give tilladelse,Authorization,授权
8472,unormal,Exception,异常
8473,Eksportér til Excel,Export Excel,导出 Excel
8474,Eksport mislykkedes,Export fail,导出失败
8475,Eksport vellykket,Export Success,导出成功
8476,niveau,Level,级别
8477,journal,Logs,日志
8478,niveau,Logs Level,级别
8479,oplysninger,Message,信息
8480,Skabelon,Message Template,模板
8481,attribut,Properties,属性
8482,søg,Search,搜索
8483,可用功能,See all available options,Tilgængeligeunktioner
8484,tid,Time Stamp,时间
8485,at give tilladelse,Authorization,授权
8486,unormal,Exception,异常
8487,Eksportér til Excel,Export Excel,导出 Excel
8488,Eksport mislykkedes,Export fail,导出失败
8489,Eksport vellykket,Export Success,导出成功
8490,niveau,Level,级别
8491,journal,Logs,日志
8492,niveau,Logs Level,级别
8493,oplysninger,Message,信息
8494,Skabelon,Message Template,模板
8495,attribut,Properties,属性
8496,søg,Search,搜索
8497,可用功能,See all available options,Tilgængeligeunktioner
8498,tid,Time Stamp,时间
8499,at give tilladelse,Authorization,授权
8500,unormal,Exception,异常
8501,Eksportér til Excel,Export Excel,导出 Excel
8502,Eksport mislykkedes,Export fail,导出失败
8503,Eksport vellykket,Export Success,导出成功
8504,niveau,Level,级别
8505,journal,Logs,日志
8506,niveau,Logs Level,级别
8507,oplysninger,Message,信息
8508,Skabelon,Message Template,模板
8509,attribut,Properties,属性
8510,søg,Search,搜索
8511,可用功能,See all available options,Tilgængeligeunktioner
8512,tid,Time Stamp,时间
8513,at give tilladelse,Authorization,授权
8514,unormal,Exception,异常
8515,Eksportér til Excel,Export Excel,导出 Excel
8516,Eksport mislykkedes,Export fail,导出失败
8517,Eksport vellykket,Export Success,导出成功
8518,niveau,Level,级别
8519,journal,Logs,日志
8520,niveau,Logs Level,级别
8521,oplysninger,Message,信息
8522,Skabelon,Message Template,模板
8523,attribut,Properties,属性
8524,søg,Search,搜索
8525,可用功能,See all available options,Tilgængeligeunktioner
8526,tid,Time Stamp,时间
8527,at give tilladelse,Authorization,授权
8528,unormal,Exception,异常
8529,Eksportér til Excel,Export Excel,导出 Excel
8530,Eksport mislykkedes,Export fail,导出失败
8531,Eksport vellykket,Export Success,导出成功
8532,niveau,Level,级别
8533,journal,Logs,日志
8534,niveau,Logs Level,级别
8535,oplysninger,Message,信息
8536,Skabelon,Message Template,模板
8537,attribut,Properties,属性
8538,søg,Search,搜索
8539,可用功能,See all available options,Tilgængeligeunktioner
8540,tid,Time Stamp,时间
8541,at give tilladelse,Authorization,授权
8542,unormal,Exception,异常
8543,Eksportér til Excel,Export Excel,导出 Excel
8544,Eksport mislykkedes,Export fail,导出失败
8545,Eksport vellykket,Export Success,导出成功
8546,niveau,Level,级别
8547,journal,Logs,日志
8548,niveau,Logs Level,级别
8549,oplysninger,Message,信息
8550,Skabelon,Message Template,模板
8551,attribut,Properties,属性
8552,søg,Search,搜索
8553,可用功能,See all available options,Tilgængeligeunktioner
8554,tid,Time Stamp,时间
8555,at give tilladelse,Authorization,授权
8556,unormal,Exception,异常
8557,Eksportér til Excel,Export Excel,导出 Excel
8558,Eksport mislykkedes,Export fail,导出失败
8559,Eksport vellykket,Export Success,导出成功
8560,niveau,Level,级别
8561,journal,Logs,日志
8562,niveau,Logs Level,级别
8563,oplysninger,Message,信息
8564,Skabelon,Message Template,模板
8565,attribut,Properties,属性
8566,søg,Search,搜索
8567,可用功能,See all available options,Tilgængeligeunktioner
8568,tid,Time Stamp,时间
8569,at give tilladelse,Authorization,授权
8570,unormal,Exception,异常
8571,Eksportér til Excel,Export Excel,导出 Excel
8572,Eksport mislykkedes,Export fail,导出失败
8573,Eksport vellykket,Export Success,导出成功
8574,niveau,Level,级别
8575,journal,Logs,日志
8576,niveau,Logs Level,级别
8577,oplysninger,Message,信息
8578,Skabelon,Message Template,模板
8579,attribut,Properties,属性
8580,søg,Search,搜索
8581,可用功能,See all available options,Tilgængeligeunktioner
8582,tid,Time Stamp,时间
8583,at give tilladelse,Authorization,授权
8584,unormal,Exception,异常
8585,Eksportér til Excel,Export Excel,导出 Excel
8586,Eksport mislykkedes,Export fail,导出失败
8587,Eksport vellykket,Export Success,导出成功
8588,niveau,Level,级别
8589,journal,Logs,日志
8590,niveau,Logs Level,级别
8591,oplysninger,Message,信息
8592,Skabelon,Message Template,模板
8593,attribut,Properties,属性
8594,søg,Search,搜索
8595,可用功能,See all available options,Tilgængeligeunktioner
8596,tid,Time Stamp,时间
8597,at give tilladelse,Authorization,授权
8598,unormal,Exception,异常
8599,Eksportér til Excel,Export Excel,导出 Excel
8600,Eksport mislykkedes,Export fail,导出失败
8601,Eksport vellykket,Export Success,导出成功
8602,niveau,Level,级别
8603,journal,Logs,日志
8604,niveau,Logs Level,级别
8605,oplysninger,Message,信息
8606,Skabelon,Message Template,模板
8607,attribut,Properties,属性
8608,søg,Search,搜索
8609,可用功能,See all available options,Tilgængeligeunktioner
8610,tid,Time Stamp,时间
8611,at give tilladelse,Authorization,授权
8612,unormal,Exception,异常
8613,Eksportér til Excel,Export Excel,导出 Excel
8614,Eksport mislykkedes,Export fail,导出失败
8615,Eksport vellykket,Export Success,导出成功
8616,niveau,Level,级别
8617,journal,Logs,日志
8618,niveau,Logs Level,级别
8619,oplysninger,Message,信息
8620,Skabelon,Message Template,模板
8621,attribut,Properties,属性
8622,søg,Search,搜索
8623,可用功能,See all available options,Tilgængeligeunktioner
8624,tid,Time Stamp,时间
8625,at give tilladelse,Authorization,授权
8626,unormal,Exception,异常
8627,Eksportér til Excel,Export Excel,导出 Excel
8628,Eksport mislykkedes,Export fail,导出失败
8629,Eksport vellykket,Export Success,导出成功
8630,niveau,Level,级别
8631,journal,Logs,日志
8632,niveau,Logs Level,级别
8633,oplysninger,Message,信息
8634,Skabelon,Message Template,模板
8635,attribut,Properties,属性
8636,søg,Search,搜索
8637,可用功能,See all available options,Tilgængeligeunktioner
8638,tid,Time Stamp,时间
8639,at give tilladelse,Authorization,授权
8640,unormal,Exception,异常
8641,Eksportér til Excel,Export Excel,导出 Excel
8642,Eksport mislykkedes,Export fail,导出失败
8643,Eksport vellykket,Export Success,导出成功
8644,niveau,Level,级别
8645,journal,Logs,日志
8646,niveau,Logs Level,级别
8647,oplysninger,Message,信息
8648,Skabelon,Message Template,模板
8649,attribut,Properties,属性
8650,søg,Search,搜索
8651,可用功能,See all available options,Tilgængeligeunktioner
8652,tid,Time Stamp,时间
8653,at give tilladelse,Authorization,授权
8654,unormal,Exception,异常
8655,Eksportér til Excel,Export Excel,导出 Excel
8656,Eksport mislykkedes,Export fail,导出失败
8657,Eksport vellykket,Export Success,导出成功
8658,niveau,Level,级别
8659,journal,Logs,日志
8660,niveau,Logs Level,级别
8661,oplysninger,Message,信息
8662,Skabelon,Message Template,模板
8663,attribut,Properties,属性
8664,søg,Search,搜索
8665,可用功能,See all available options,Tilgængeligeunktioner
8666,tid,Time Stamp,时间
8667,at give tilladelse,Authorization,授权
8668,unormal,Exception,异常
8669,Eksportér til Excel,Export Excel,导出 Excel
8670,Eksport mislykkedes,Export fail,导出失败
8671,Eksport vellykket,Export Success,导出成功
8672,niveau,Level,级别
8673,journal,Logs,日志
8674,niveau,Logs Level,级别
8675,oplysninger,Message,信息
8676,Skabelon,Message Template,模板
8677,attribut,Properties,属性
8678,søg,Search,搜索
8679,可用功能,See all available options,Tilgængeligeunktioner
8680,tid,Time Stamp,时间
8681,at give tilladelse,Authorization,授权
8682,unormal,Exception,异常
8683,Eksportér til Excel,Export Excel,导出 Excel
8684,Eksport mislykkedes,Export fail,导出失败
8685,Eksport vellykket,Export Success,导出成功
8686,niveau,Level,级别
8687,journal,Logs,日志
8688,niveau,Logs Level,级别
8689,oplysninger,Message,信息
8690,Skabelon,Message Template,模板
8691,attribut,Properties,属性
8692,søg,Search,搜索
8693,可用功能,See all available options,Tilgængeligeunktioner
8694,tid,Time Stamp,时间
8695,at give tilladelse,Authorization,授权
8696,unormal,Exception,异常
8697,Eksportér til Excel,Export Excel,导出 Excel
8698,Eksport mislykkedes,Export fail,导出失败
8699,Eksport vellykket,Export Success,导出成功
8700,niveau,Level,级别
8701,journal,Logs,日志
8702,niveau,Logs Level,级别
8703,oplysninger,Message,信息
8704,Skabelon,Message Template,模板
8705,attribut,Properties,属性
8706,søg,Search,搜索
8707,可用功能,See all available options,Tilgængeligeunktioner
8708,tid,Time Stamp,时间
8709,at give tilladelse,Authorization,授权
8710,unormal,Exception,异常
8711,Eksportér til Excel,Export Excel,导出 Excel
8712,Eksport mislykkedes,Export fail,导出失败
8713,Eksport vellykket,Export Success,导出成功
8714,niveau,Level,级别
8715,journal,Logs,日志
8716,niveau,Logs Level,级别
8717,oplysninger,Message,信息
8718,Skabelon,Message Template,模板
8719,attribut,Properties,属性
8720,søg,Search,搜索
8721,可用功能,See all available options,Tilgængeligeunktioner
8722,tid,Time Stamp,时间
8723,at give tilladelse,Authorization,授权
8724,unormal,Exception,异常
8725,Eksportér til Excel,Export Excel,导出 Excel
8726,Eksport mislykkedes,Export fail,导出失败
8727,Eksport vellykket,Export Success,导出成功
8728,niveau,Level,级别
8729,journal,Logs,日志
8730,niveau,Logs Level,级别
8731,oplysninger,Message,信息
8732,Skabelon,Message Template,模板
8733,attribut,Properties,属性
8734,søg,Search,搜索
8735,可用功能,See all available options,Tilgængeligeunktioner
8736,tid,Time Stamp,时间
8737,at give tilladelse,Authorization,授权
8738,unormal,Exception,异常
8739,Eksportér til Excel,Export Excel,导出 Excel
8740,Eksport mislykkedes,Export fail,导出失败
8741,Eksport vellykket,Export Success,导出成功
8742,niveau,Level,级别
8743,journal,Logs,日志
8744,niveau,Logs Level,级别
8745,oplysninger,Message,信息
8746,Skabelon,Message Template,模板
8747,attribut,Properties,属性
8748,søg,Search,搜索
8749,可用功能,See all available options,Tilgængeligeunktioner
8750,tid,Time Stamp,时间
8751,at give tilladelse,Authorization,授权
8752,unormal,Exception,异常
8753,Eksportér til Excel,Export Excel,导出 Excel
8754,Eksport mislykkedes,Export fail,导出失败
8755,Eksport vellykket,Export Success,导出成功
8756,niveau,Level,级别
8757,journal,Logs,日志
8758,niveau,Logs Level,级别
8759,oplysninger,Message,信息
8760,Skabelon,Message Template,模板
8761,attribut,Properties,属性
8762,søg,Search,搜索
8763,可用功能,See all available options,Tilgængeligeunktioner
8764,tid,Time Stamp,时间
8765,at give tilladelse,Authorization,授权
8766,unormal,Exception,异常
8767,Eksportér til Excel,Export Excel,导出 Excel
8768,Eksport mislykkedes,Export fail,导出失败
8769,Eksport vellykket,Export Success,导出成功
8770,niveau,Level,级别
8771,journal,Logs,日志
8772,niveau,Logs Level,级别
8773,oplysninger,Message,信息
8774,Skabelon,Message Template,模板
8775,attribut,Properties,属性
8776,søg,Search,搜索
8777,可用功能,See all available options,Tilgængeligeunktioner
8778,tid,Time Stamp,时间
8779,at give tilladelse,Authorization,授权
8780,unormal,Exception,异常
8781,Eksportér til Excel,Export Excel,导出 Excel
8782,Eksport mislykkedes,Export fail,导出失败
8783,Eksport vellykket,Export Success,导出成功
8784,niveau,Level,级别
8785,journal,Logs,日志
8786,niveau,Logs Level,级别
8787,oplysninger,Message,信息
8788,Skabelon,Message Template,模板
8789,attribut,Properties,属性
8790,søg,Search,搜索
8791,可用功能,See all available options,Tilgængeligeunktioner
8792,tid,Time Stamp,时间
8793,at give tilladelse,Authorization,授权
8794,unormal,Exception,异常
8795,Eksportér til Excel,Export Excel,导出 Excel
8796,Eksport mislykkedes,Export fail,导出失败
8797,Eksport vellykket,Export Success,导出成功
8798,niveau,Level,级别
8799,journal,Logs,日志
8800,niveau,Logs Level,级别
8801,oplysninger,Message,信息
8802,Skabelon,Message Template,模板
8803,attribut,Properties,属性
8804,søg,Search,搜索
8805,可用功能,See all available options,Tilgængeligeunktioner
8806,tid,Time Stamp,时间
8807,at give tilladelse,Authorization,授权
8808,unormal,Exception,异常
8809,Eksportér til Excel,Export Excel,导出 Excel
8810,Eksport mislykkedes,Export fail,导出失败
8811,Eksport vellykket,Export Success,导出成功
8812,niveau,Level,级别
8813,journal,Logs,日志
8814,niveau,Logs Level,级别
8815,oplysninger,Message,信息
8816,Skabelon,Message Template,模板
8817,attribut,Properties,属性
8818,søg,Search,搜索
8819,可用功能,See all available options,Tilgængeligeunktioner
8820,tid,Time Stamp,时间
8821,at give tilladelse,Authorization,授权
8822,unormal,Exception,异常
8823,Eksportér til Excel,Export Excel,导出 Excel
8824,Eksport mislykkedes,Export fail,导出失败
8825,Eksport vellykket,Export Success,导出成功
8826,niveau,Level,级别
8827,journal,Logs,日志
8828,niveau,Logs Level,级别
8829,oplysninger,Message,信息
8830,Skabelon,Message Template,模板
8831,attribut,Properties,属性
8832,søg,Search,搜索
8833,可用功能,See all available options,Tilgængeligeunktioner
8834,tid,Time Stamp,时间
8835,at give tilladelse,Authorization,授权
8836,unormal,Exception,异常
8837,Eksportér til Excel,Export Excel,导出 Excel
8838,Eksport mislykkedes,Export fail,导出失败
8839,Eksport vellykket,Export Success,导出成功
8840,niveau,Level,级别
8841,journal,Logs,日志
8842,niveau,Logs Level,级别
8843,oplysninger,Message,信息
8844,Skabelon,Message Template,模板
8845,attribut,Properties,属性
8846,søg,Search,搜索
8847,可用功能,See all available options,Tilgængeligeunktioner
8848,tid,Time Stamp,时间
8849,at give tilladelse,Authorization,授权
8850,unormal,Exception,异常
8851,Eksportér til Excel,Export Excel,导出 Excel
8852,Eksport mislykkedes,Export fail,导出失败
8853,Eksport vellykket,Export Success,导出成功
8854,niveau,Level,级别
8855,journal,Logs,日志
8856,niveau,Logs Level,级别
8857,oplysninger,Message,信息
8858,Skabelon,Message Template,模板
8859,attribut,Properties,属性
8860,søg,Search,搜索
8861,可用功能,See all available options,Tilgængeligeunktioner
8862,tid,Time Stamp,时间
8863,at give tilladelse,Authorization,授权
8864,unormal,Exception,异常
8865,Eksportér til Excel,Export Excel,导出 Excel
8866,Eksport mislykkedes,Export fail,导出失败
8867,Eksport vellykket,Export Success,导出成功
8868,niveau,Level,级别
8869,journal,Logs,日志
8870,niveau,Logs Level,级别
8871,oplysninger,Message,信息
8872,Skabelon,Message Template,模板
8873,attribut,Properties,属性
8874,søg,Search,搜索
8875,可用功能,See all available options,Tilgængeligeunktioner
8876,tid,Time Stamp,时间
8877,at give tilladelse,Authorization,授权
8878,unormal,Exception,异常
8879,Eksportér til Excel,Export Excel,导出 Excel
8880,Eksport mislykkedes,Export fail,导出失败
8881,Eksport vellykket,Export Success,导出成功
8882,niveau,Level,级别
8883,journal,Logs,日志
8884,niveau,Logs Level,级别
8885,oplysninger,Message,信息
8886,Skabelon,Message Template,模板
8887,attribut,Properties,属性
8888,søg,Search,搜索
8889,可用功能,See all available options,Tilgængeligeunktioner
8890,tid,Time Stamp,时间
8891,at give tilladelse,Authorization,授权
8892,unormal,Exception,异常
8893,Eksportér til Excel,Export Excel,导出 Excel
8894,Eksport mislykkedes,Export fail,导出失败
8895,Eksport vellykket,Export Success,导出成功
8896,niveau,Level,级别
8897,journal,Logs,日志
8898,niveau,Logs Level,级别
8899,oplysninger,Message,信息
8900,Skabelon,Message Template,模板
8901,attribut,Properties,属性
8902,søg,Search,搜索
8903,可用功能,See all available options,Tilgængeligeunktioner
8904,tid,Time Stamp,时间
8905,at give tilladelse,Authorization,授权
8906,unormal,Exception,异常
8907,Eksportér til Excel,Export Excel,导出 Excel
8908,Eksport mislykkedes,Export fail,导出失败
8909,Eksport vellykket,Export Success,导出成功
8910,niveau,Level,级别
8911,journal,Logs,日志
8912,niveau,Logs Level,级别
8913,oplysninger,Message,信息
8914,Skabelon,Message Template,模板
8915,attribut,Properties,属性
8916,søg,Search,搜索
8917,可用功能,See all available options,Tilgængeligeunktioner
8918,tid,Time Stamp,时间
8919,at give tilladelse,Authorization,授权
8920,unormal,Exception,异常
8921,Eksportér til Excel,Export Excel,导出 Excel
8922,Eksport mislykkedes,Export fail,导出失败
8923,Eksport vellykket,Export Success,导出成功
8924,niveau,Level,级别
8925,journal,Logs,日志
8926,niveau,Logs Level,级别
8927,oplysninger,Message,信息
8928,Skabelon,Message Template,模板
8929,attribut,Properties,属性
8930,søg,Search,搜索
8931,可用功能,See all available options,Tilgængeligeunktioner
8932,tid,Time Stamp,时间
8933,at give tilladelse,Authorization,授权
8934,unormal,Exception,异常
8935,Eksportér til Excel,Export Excel,导出 Excel
8936,Eksport mislykkedes,Export fail,导出失败
8937,Eksport vellykket,Export Success,导出成功
8938,niveau,Level,级别
8939,journal,Logs,日志
8940,niveau,Logs Level,级别
8941,oplysninger,Message,信息
8942,Skabelon,Message Template,模板
8943,attribut,Properties,属性
8944,søg,Search,搜索
8945,可用功能,See all available options,Tilgængeligeunktioner
8946,tid,Time Stamp,时间
8947,at give tilladelse,Authorization,授权
8948,unormal,Exception,异常
8949,Eksportér til Excel,Export Excel,导出 Excel
8950,Eksport mislykkedes,Export fail,导出失败
8951,Eksport vellykket,Export Success,导出成功
8952,niveau,Level,级别
8953,journal,Logs,日志
8954,niveau,Logs Level,级别
8955,oplysninger,Message,信息
8956,Skabelon,Message Template,模板
8957,attribut,Properties,属性
8958,søg,Search,搜索
8959,可用功能,See all available options,Tilgængeligeunktioner
8960,tid,Time Stamp,时间
8961,at give tilladelse,Authorization,授权
8962,unormal,Exception,异常
8963,Eksportér til Excel,Export Excel,导出 Excel
8964,Eksport mislykkedes,Export fail,导出失败
8965,Eksport vellykket,Export Success,导出成功
8966,niveau,Level,级别
8967,journal,Logs,日志
8968,niveau,Logs Level,级别
8969,oplysninger,Message,信息
8970,Skabelon,Message Template,模板
8971,attribut,Properties,属性
8972,søg,Search,搜索
8973,可用功能,See all available options,Tilgængeligeunktioner
8974,tid,Time Stamp,时间
8975,at give tilladelse,Authorization,授权
8976,unormal,Exception,异常
8977,Eksportér til Excel,Export Excel,导出 Excel
8978,Eksport mislykkedes,Export fail,导出失败
8979,Eksport vellykket,Export Success,导出成功
8980,niveau,Level,级别
8981,journal,Logs,日志
8982,niveau,Logs Level,级别
8983,oplysninger,Message,信息
8984,Skabelon,Message Template,模板
8985,attribut,Properties,属性
8986,søg,Search,搜索
8987,可用功能,See all available options,Tilgængeligeunktioner
8988,tid,Time Stamp,时间
8989,at give tilladelse,Authorization,授权
8990,unormal,Exception,异常
8991,Eksportér til Excel,Export Excel,导出 Excel
8992,Eksport mislykkedes,Export fail,导出失败
8993,Eksport vellykket,Export Success,导出成功
8994,niveau,Level,级别
8995,journal,Logs,日志
8996,niveau,Logs Level,级别
8997,oplysninger,Message,信息
8998,Skabelon,Message Template,模板
8999,attribut,Properties,属性
9000,søg,Search,搜索
9001,可用功能,See all available options,Tilgængeligeunktioner
9002,tid,Time Stamp,时间
9003,at give tilladelse,Authorization,授权
9004,unormal,Exception,异常
9005,Eksportér til Excel,Export Excel,导出 Excel
9006,Eksport mislykkedes,Export fail,导出失败
9007,Eksport vellykket,Export Success,导出成功
9008,niveau,Level,级别
9009,journal,Logs,日志
9010,niveau,Logs Level,级别
9011,oplysninger,Message,信息
9012,Skabelon,Message Template,模板
9013,attribut,Properties,属性
9014,søg,Search,搜索
9015,可用功能,See all available options,Tilgængeligeunktioner
9016,tid,Time Stamp,时间
9017,at give tilladelse,Authorization,授权
9018,unormal,Exception,异常
9019,Eksportér til Excel,Export Excel,导出 Excel
9020,Eksport mislykkedes,Export fail,导出失败
9021,Eksport vellykket,Export Success,导出成功
9022,niveau,Level,级别
9023,journal,Logs,日志
9024,niveau,Logs Level,级别
9025,oplysninger,Message,信息
9026,Skabelon,Message Template,模板
9027,attribut,Properties,属性
9028,søg,Search,搜索
9029,可用功能,See all available options,Tilgængeligeunktioner
9030,tid,Time Stamp,时间
9031,at give tilladelse,Authorization,授权
9032,unormal,Exception,异常
9033,Eksportér til Excel,Export Excel,导出 Excel
9034,Eksport mislykkedes,Export fail,导出失败
9035,Eksport vellykket,Export Success,导出成功
9036,niveau,Level,级别
9037,journal,Logs,日志
9038,niveau,Logs Level,级别
9039,oplysninger,Message,信息
9040,Skabelon,Message Template,模板
9041,attribut,Properties,属性
9042,søg,Search,搜索
9043,可用功能,See all available options,Tilgængeligeunktioner
9044,tid,Time Stamp,时间
9045,at give tilladelse,Authorization,授权
9046,unormal,Exception,异常
9047,Eksportér til Excel,Export Excel,导出 Excel
9048,Eksport mislykkedes,Export fail,导出失败
9049,Eksport vellykket,Export Success,导出成功
9050,niveau,Level,级别
9051,journal,Logs,日志
9052,niveau,Logs Level,级别
9053,oplysninger,Message,信息
9054,Skabelon,Message Template,模板
9055,attribut,Properties,属性
9056,søg,Search,搜索
9057,可用功能,See all available options,Tilgængeligeunktioner
9058,tid,Time Stamp,时间
9059,at give tilladelse,Authorization,授权
9060,unormal,Exception,异常
9061,Eksportér til Excel,Export Excel,导出 Excel
9062,Eksport mislykkedes,Export fail,导出失败
9063,Eksport vellykket,Export Success,导出成功
9064,niveau,Level,级别
9065,journal,Logs,日志
9066,niveau,Logs Level,级别
9067,oplysninger,Message,信息
9068,Skabelon,Message Template,模板
9069,attribut,Properties,属性
9070,søg,Search,搜索
9071,可用功能,See all available options,Tilgængeligeunktioner
9072,tid,Time Stamp,时间
9073,at give tilladelse,Authorization,授权
9074,unormal,Exception,异常
9075,Eksportér til Excel,Export Excel,导出 Excel
9076,Eksport mislykkedes,Export fail,导出失败
9077,Eksport vellykket,Export Success,导出成功
9078,niveau,Level,级别
9079,journal,Logs,日志
9080,niveau,Logs Level,级别
9081,oplysninger,Message,信息
9082,Skabelon,Message Template,模板
9083,attribut,Properties,属性
9084,søg,Search,搜索
9085,可用功能,See all available options,Tilgængeligeunktioner
9086,tid,Time Stamp,时间
9087,at give tilladelse,Authorization,授权
9088,unormal,Exception,异常
9089,Eksportér til Excel,Export Excel,导出 Excel
9090,Eksport mislykkedes,Export fail,导出失败
9091,Eksport vellykket,Export Success,导出成功
9092,niveau,Level,级别
9093,journal,Logs,日志
9094,niveau,Logs Level,级别
9095,oplysninger,Message,信息
9096,Skabelon,Message Template,模板
9097,attribut,Properties,属性
9098,søg,Search,搜索
9099,可用功能,See all available options,Tilgængeligeunktioner
9100,tid,Time Stamp,时间
9101,at give tilladelse,Authorization,授权
9102,unormal,Exception,异常
9103,Eksportér til Excel,Export Excel,导出 Excel
9104,Eksport mislykkedes,Export fail,导出失败
9105,Eksport vellykket,Export Success,导出成功
9106,niveau,Level,级别
9107,journal,Logs,日志
9108,niveau,Logs Level,级别
9109,oplysninger,Message,信息
9110,Skabelon,Message Template,模板
9111,attribut,Properties,属性
9112,søg,Search,搜索
9113,可用功能,See all available options,Tilgængeligeunktioner
9114,tid,Time Stamp,时间
9115,at give tilladelse,Authorization,授权
9116,unormal,Exception,异常
9117,Eksportér til Excel,Export Excel,导出 Excel
9118,Eksport mislykkedes,Export fail,导出失败
9119,Eksport vellykket,Export Success,导出成功
9120,niveau,Level,级别
9121,journal,Logs,日志
9122,niveau,Logs Level,级别
9123,oplysninger,Message,信息
9124,Skabelon,Message Template,模板
9125,attribut,Properties,属性
9126,søg,Search,搜索
9127,可用功能,See all available options,Tilgængeligeunktioner
9128,tid,Time Stamp,时间
9129,at give tilladelse,Authorization,授权
9130,unormal,Exception,异常
9131,Eksportér til Excel,Export Excel,导出 Excel
9132,Eksport mislykkedes,Export fail,导出失败
9133,Eksport vellykket,Export Success,导出成功
9134,niveau,Level,级别
9135,journal,Logs,日志
9136,niveau,Logs Level,级别
9137,oplysninger,Message,信息
9138,Skabelon,Message Template,模板
9139,attribut,Properties,属性
9140,søg,Search,搜索
9141,可用功能,See all available options,Tilgængeligeunktioner
9142,tid,Time Stamp,时间
9143,at give tilladelse,Authorization,授权
9144,unormal,Exception,异常
9145,Eksportér til Excel,Export Excel,导出 Excel
9146,Eksport mislykkedes,Export fail,导出失败
9147,Eksport vellykket,Export Success,导出成功
9148,niveau,Level,级别
9149,journal,Logs,日志
9150,niveau,Logs Level,级别
9151,oplysninger,Message,信息
9152,Skabelon,Message Template,模板
9153,attribut,Properties,属性
9154,søg,Search,搜索
9155,可用功能,See all available options,Tilgængeligeunktioner
9156,tid,Time Stamp,时间
9157,at give tilladelse,Authorization,授权
9158,unormal,Exception,异常
9159,Eksportér til Excel,Export Excel,导出 Excel
9160,Eksport mislykkedes,Export fail,导出失败
9161,Eksport vellykket,Export Success,导出成功
9162,niveau,Level,级别
9163,journal,Logs,日志
9164,niveau,Logs Level,级别
9165,oplysninger,Message,信息
9166,Skabelon,Message Template,模板
9167,attribut,Properties,属性
9168,søg,Search,搜索
9169,可用功能,See all available options,Tilgængeligeunktioner
9170,tid,Time Stamp,时间
9171,at give tilladelse,Authorization,授权
9172,unormal,Exception,异常
9173,Eksportér til Excel,Export Excel,导出 Excel
9174,Eksport mislykkedes,Export fail,导出失败
9175,Eksport vellykket,Export Success,导出成功
9176,niveau,Level,级别
9177,journal,Logs,日志
9178,niveau,Logs Level,级别
9179,oplysninger,Message,信息
9180,Skabelon,Message Template,模板
9181,attribut,Properties,属性
9182,søg,Search,搜索
9183,可用功能,See all available options,Tilgængeligeunktioner
9184,tid,Time Stamp,时间
9185,at give tilladelse,Authorization,授权
9186,unormal,Exception,异常
9187,Eksportér til Excel,Export Excel,导出 Excel
9188,Eksport mislykkedes,Export fail,导出失败
9189,Eksport vellykket,Export Success,导出成功
9190,niveau,Level,级别
9191,journal,Logs,日志
9192,niveau,Logs Level,级别
9193,oplysninger,Message,信息
9194,Skabelon,Message Template,模板
9195,attribut,Properties,属性
9196,søg,Search,搜索
9197,可用功能,See all available options,Tilgængeligeunktioner
9198,tid,Time Stamp,时间
9199,at give tilladelse,Authorization,授权
9200,unormal,Exception,异常
9201,Eksportér til Excel,Export Excel,导出 Excel
9202,Eksport mislykkedes,Export fail,导出失败
9203,Eksport vellykket,Export Success,导出成功
9204,niveau,Level,级别
9205,journal,Logs,日志
9206,niveau,Logs Level,级别
9207,oplysninger,Message,信息
9208,Skabelon,Message Template,模板
9209,attribut,Properties,属性
9210,søg,Search,搜索
9211,可用功能,See all available options,Tilgængeligeunktioner
9212,tid,Time Stamp,时间
9213,at give tilladelse,Authorization,授权
9214,unormal,Exception,异常
9215,Eksportér til Excel,Export Excel,导出 Excel
9216,Eksport mislykkedes,Export fail,导出失败
9217,Eksport vellykket,Export Success,导出成功
9218,niveau,Level,级别
9219,journal,Logs,日志
9220,niveau,Logs Level,级别
9221,oplysninger,Message,信息
9222,Skabelon,Message Template,模板
9223,attribut,Properties,属性
9224,søg,Search,搜索
9225,可用功能,See all available options,Tilgængeligeunktioner
9226,tid,Time Stamp,时间
9227,at give tilladelse,Authorization,授权
9228,unormal,Exception,异常
9229,Eksportér til Excel,Export Excel,导出 Excel
9230,Eksport mislykkedes,Export fail,导出失败
9231,Eksport vellykket,Export Success,导出成功
9232,niveau,Level,级别
9233,journal,Logs,日志